{
    "entity": "bygonenether:wither_skeleton_knight",
    "name": "§0黒鉄 - Withered Samurai",
    "visualscale": 1.3,
    "experience": 1000,
    "protect_treasure": true,
    "effects": {
        "minecraft:fire_resistance": 1,
        "minecraft:speed": 2,
        "minecraft:resistance": 0
    },
    "attributes": {
        "generic.max_health": 1000,
        "generic.follow_range": 40,
        "generic.attack_damage": 10,
        "generic.armor": 15
    },
    "customattributes": {
        "dropgear": 1,
        "attack_speed": 1.5
    },
    "gear": {
        "mainhand": "{id: \"epicsamurai:katana\", Count: 1b, tag: {Unbreakable: 1, Damage: 0, AttributeModifiers: [{Slot: \"mainhand\", AttributeName: \"generic.attack_damage\", UUID: [I;-123823,8492,225332,-16984], Amount: 24, Name: \"Weapon Modifier\"}, {Slot: \"mainhand\", AttributeName: \"generic.attack_speed\", UUID: [I; -123823,8792,225332,-17184], Amount: -2.2d, Name: \"Weapon Modifier\"}, {Slot: \"mainhand\", AttributeName: \"obscure_api:critical_hit\", UUID: [I; -123823,8792,225332,-17384], Amount: 0.35d, Name: \"Weapon Modifier\"}, {Slot: \"mainhand\", AttributeName: \"obscure_api:critical_damage\", UUID: [I; -123823,8792,225332,-17584], Amount: 2.4d, Name: \"Weapon Modifier\"}], display: {Name: '[{\"text\":\"妖刀村正\",\"italic\":true,\"color\":\"dark_red\"}]'}}}"
    },
    "ai-goals": {
        "brutalbosses:aftercombatregen": {
            "amount": 3
        },
        "brutalbosses:lavarescue": {},
        "brutalbosses:shootwitherskulls": {
            "healthinterval": "100-50",
            "projectile_count": 3,
            "projectile_interval": 100,
            "projectile_distance": 8,
            "projectile_speed": 1.1,
            "projectile_aoe": false,
            "dangerous": true
        },
        "brutalbosses:summonmobs": {
            "healthinterval": "50-10",
            "interval": 900,
            "maxcount": 6,
            "count": 3,
            "entities": [
                {
                    "entityid": "bygonenether:wraither"
                },
                {
                    "entityid": "minecraft:blaze"
                }
            ]
        },
        "brutalbosses:meleehit": {
            "healthinterval": "100-0",
            "attackdist": 3,
            "damage": 5,
            "potiononhit": "minecraft:nausea",
            "potionlevel": 1,
            "potionduration": 40,
            "knockback": 1,
            "cooldown": 100
        }
    },
    "spawnatchest": {
        "bygonenether:chests/catacomb/treasure_rib": 1
    }
}