{
  "entity": "minecraft:wandering_trader",
  "name": "Agizahr the Archmage",
  "visualscale": 0.7,
  "experience": 300,
  "protect_treasure": true,
  "effects": {
    "minecraft:slowness": 2,
    "minecraft:resistance": 3,
    "minecraft:regeneration": 1,
    "minecraft:glowing": 1,
    "minecraft:fire_resistance": 1
  },
  "attributes": {
    "generic.max_health": 70,
    "generic.follow_range": 80,
    "generic.knockback_resistance": 1
  },
  "customattributes": {
    "dropgear": 6
  },
  "gear": {
    "mainhand": "{id: \"minecraft:enchanted_book\", Count: 1b, tag: {StoredEnchantments: [{lvl: 1s, id: \"minecraft:mending\"}]}}"
  },
  "ai-goals": {
    "brutalbosses:itemshootgoal": {
      "item": "{id: \"minecraft:nether_star\", Count: 1b}",
      "projectile_count": 3,
      "projectile_interval": 300,
      "projectile_aoe": true,
      "lightning": true,
      "projectile_distance": 20
    },
    "brutalbosses:shootwitherskulls": {
      "projectile_count": 2,
      "projectile_interval": 230,
      "projectile_aoe": true,
      "projectile_distance": 30,
      "dangerous": true
    },
    "brutalbosses:shootfireballs": {
      "projectile_count": 4,
      "projectile_interval": 160,
      "projectile_aoe": true,
      "projectile_distance": 25
    },
    "brutalbosses:shootbigfireballs": {
      "projectile_count": 1,
      "projectile_interval": 500,
      "projectile_aoe": true,
      "projectile_distance": 40
    },
    "minecraft:target": {},
    "brutalbosses:chasetarget": {
      "chasedistance": 20
    }
  },
  "spawnatchest": {
    "philipsruins:chests/ocean_ruins_loot": 1
  }
}