{
  "entity": "minecraft:blaze",
  "name": "Gaze the Withering",
  "visualscale": 1.2,
  "experience": 200,
  "effects": {
    "minecraft:resistance": 1,
    "minecraft:bad_omen": 1
  },
  "attributes": {
    "generic.max_health": 60,
    "generic.follow_range": 70,
    "generic.knockback_resistance": 10
  },
  "customattributes": {
    "projectile_damage_bonus": 2
  },
  "gear": {
  },
  "ai-goals": {
    "brutalbosses:shootwitherskulls": {
      "projectile_interval": 80,
      "projectile_distance": 25
    }
  },
  "spawnatchest": {
    "philipsruins:chests/ocean_ruins_loot": 1
  }
}