{
  "entity": "minecraft:vindicator",
  "name": "Uzsahe the Endborn",
  "visualscale": 1.1,
  "experience": 300,
  "protect_treasure": true,
  "effects": {
    "minecraft:resistance": 1,
    "minecraft:slowness": 1
  },
  "attributes": {
    "generic.max_health": 90,
    "generic.follow_range": 50,
    "generic.knockback_resistance": 1,
    "generic.attack_damage": 7
  },
  "customattributes": {
    "dropgear": 6
  },
  "gear": {
    "mainhand": "{id: \"minecraft:golden_axe\", Count: 1b, tag: {Damage: 0}}",
    "offhand": "{id: \"minecraft:ender_pearl\", Count: 8b}"
  },
  "ai-goals": {
    "minecraft:target": {},
    "brutalbosses:aftercombatregen": {
      "amount": 1
    },
    "brutalbosses:whirlwind": {
      "knockback": 4,
      "cooldown": 200
    },
    "brutalbosses:itemshootgoal": {
      "item": "{id: \"minecraft:ender_pearl\", Count: 1b}",
      "projectile_count": 1,
      "teleport": true,
      "damage": 3,
      "projectile_interval": 100,
      "projectile_aoe": false,
      "projectile_distance": 40
    }
  },
  "spawnatchest": {
    "philipsruins:chests/ocean_ruins_loot": 1
  }
}