{
  "entity": "minecraft:evoker",
  "name": "Rumak the Dark",
  "visualscale": 1.2,
  "experience": 300,
  "protect_treasure": true,
  "effects": {
    "minecraft:resistance": 1
  },
  "attributes": {
    "generic.max_health": 60,
    "generic.follow_range": 50
  },
  "customattributes": {
    "projectile_damage_bonus": 2,
    "dropgear": 6
  },
  "gear": {
    "mainhand": "{id: \"minecraft:enchanted_book\", Count: 1b, tag: {StoredEnchantments: [{lvl: 1s, id: \"minecraft:silk_touch\"}]}}",
    "offhand": "{id: \"minecraft:enchanted_book\", Count: 1b, tag: {StoredEnchantments: [{lvl: 3s, id: \"minecraft:fortune\"}]}}"
  },
  "ai-goals": {
    "brutalbosses:aftercombatregen": {
      "amount": 2
    },
    "brutalbosses:shootwitherskulls": {
      "projectile_count": 5,
      "projectile_interval": 300,
      "projectile_distance": 35
    }
  },
  "spawnatchest": {
    "philipsruins:chests/ocean_ruins_loot": 1
  }
}