{
  "entity": "minecraft:ghast",
  "name": "Gboom the Bloated",
  "visualscale": 1.2,
  "experience": 400,
  "effects": {
  },
  "attributes": {
    "generic.max_health": 80,
    "generic.follow_range": 90
  },
  "customattributes": {
    "dropgear": 1
  },
  "gear": {
  },
  "ai-goals": {
    "brutalbosses:aftercombatregen": {
      "amount": 1
    },
    "brutalbosses:shootbigfireballs": {
      "projectile_count": 15,
      "projectile_interval": 400,
      "projectile_aoe": true,
      "projectile_distance": 60
    }
  },
  "spawnatchest": {
    "philipsruins:chests/ocean_ruins_loot": 1
  }
}