{
  "entity": "minecraft:husk",
  "name": "Fisk of the Sand",
  "visualscale": 1.1,
  "experience": 300,
  "protect_treasure": true,
  "effects": {
    "minecraft:slowness": 1,
    "minecraft:resistance": 1
  },
  "attributes": {
    "generic.max_health": 100,
    "generic.follow_range": 50,
    "generic.attack_damage": 7,
    "generic.knockback_resistance": 1
  },
  "customattributes": {
    "attack_speed": 0.7
  },
  "gear": {
    "mainhand": "{id: \"minecraft:netherite_sword\", Count: 1b, tag: {Damage: 0}}"
  },
  "ai-goals": {
    "brutalbosses:charge": {},
    "brutalbosses:aftercombatregen": {
      "amount": 3
    }
  },
  "spawnatchest": {
    "philipsruins:chests/ocean_ruins_loot": 1
  }
}