{
  "entity": "minecraft:iron_golem",
  "name": "Glem the Construct",
  "visualscale": 1,
  "experience": 400,
  "effects": {
    "minecraft:resistance": 1,
    "minecraft:weakness": 1,
    "minecraft:fire_resistance": 1,
    "minecraft:water_breathing": 1,
    "minecraft:glowing": 1,
    "minecraft:slowness": 2
  },
  "attributes": {
    "generic.max_health": 140,
    "generic.follow_range": 50,
    "generic.knockback_resistance": 10
  },
  "customattributes": {
  },
  "gear": {
  },
  "ai-goals": {
    "minecraft:target": {},
    "brutalbosses:aftercombatregen": {
      "amount": 2
    },
    "brutalbosses:whirlwind": {},
    "brutalbosses:itemshootgoal": {
      "item": "{id: \"minecraft:stone_bricks\", Count: 1b}",
      "projectile_count": 1,
      "projectilesize": 1.5,
      "projectile_interval": 300,
      "damage": 4,
      "projectile_distance": 20
    }
  },
  "spawnatchest": {
    "philipsruins:chests/ocean_ruins_loot": 1
  }
}