{
  "entity": "minecraft:mooshroom",
  "name": "Gowl the Mad",
  "visualscale": 1.2,
  "experience": 300,
  "effects": {
    "minecraft:resistance": 1,
    "minecraft:regeneration": 1,
    "minecraft:fire_resistance": 1
  },
  "attributes": {
    "generic.max_health": 65,
    "generic.follow_range": 80,
    "generic.knockback_resistance": 1
  },
  "customattributes": {
    "dropgear": 6
  },
  "gear": {
    "mainhand": "{id: \"minecraft:brown_mushroom\", Count: 64b}"
  },
  "ai-goals": {
    "brutalbosses:charge": {},
    "minecraft:target": {},
    "brutalbosses:whirlwind": {},
    "brutalbosses:meleehit": {
      "damage": 10,
      "potiononhit": "minecraft:poison",
      "cooldown": 30
    },
    "brutalbosses:chasetarget": {}
  },
  "spawnatchest": {
    "philipsruins:chests/ocean_ruins_loot": 1
  }
}