{
  "entity": "minecraft:phantom",
  "name": "Chrz the quick",
  "visualscale": 1.5,
  "experience": 400,
  "protect_treasure": true,
  "effects": {
    "minecraft:resistance": 1,
    "minecraft:fire_resistance": 1
  },
  "attributes": {
    "generic.max_health": 90,
    "generic.follow_range": 120,
    "generic.attack_damage": 10,
    "generic.knockback_resistance": 1
  },
  "customattributes": {
    "dropgear": 6
  },
  "gear": {
    "mainhand": "{id: \"minecraft:enchanted_book\", Count: 1b, tag: {StoredEnchantments: [{lvl: 1s, id: \"minecraft:slow_fall\"}]}}"
  },
  "ai-goals": {
    "brutalbosses:shootfireballs": {
      "projectile_count": 7,
      "projectile_interval": 300,
      "projectile_distance": 65
    }
  },
  "spawnatchest": {
    "philipsruins:chests/ocean_ruins_loot": 1
  }
}