{
  "entity": "minecraft:shulker",
  "name": "Kali the Old",
  "visualscale": 1.3,
  "experience": 300,
  "effects": {
    "minecraft:resistance": 1,
    "minecraft:fire_resistance": 1
  },
  "attributes": {
    "generic.max_health": 100,
    "generic.follow_range": 80,
    "generic.knockback_resistance": 1
  },
  "customattributes": {
  },
  "gear": {
  },
  "ai-goals": {
    "brutalbosses:itemshootgoal": {
      "item": "{id: \"minecraft:nether_star\", Count: 1b}",
      "projectile_count": 9,
      "projectile_interval": 100,
      "damage": 8,
      "projectile_distance": 20
    }
  },
  "spawnatchest": {
    "philipsruins:chests/ocean_ruins_loot": 1
  }
}