{
  "entity": "minecraft:skeleton",
  "name": "Brog the Bulwark",
  "visualscale": 1.5,
  "experience": 300,
  "effects": {
    "minecraft:slowness": 2,
    "minecraft:resistance": 1
  },
  "attributes": {
    "generic.max_health": 150,
    "generic.follow_range": 50,
    "generic.attack_damage": 10,
    "generic.knockback_resistance": 10
  },
  "customattributes": {
    "attack_speed": 0.2
  },
  "gear": {
    "mainhand": "{id:\"minecraft:iron_sword\",Count:1b,tag:{Damage:0, Enchantments:[{lvl:1s,id:\"minecraft:knockback\"}]}}",
    "offhand": "{id:\"minecraft:shield\",Count:1b,tag:{Damage:0}}"
  },
  "ai-goals": {
    "brutalbosses:shieldmelee": {},
    "brutalbosses:aftercombatregen": {
      "amount": 3
    }
  },
  "spawnatchest": {
    "philipsruins:chests/ocean_ruins_loot": 1
  }
}