{
  "entity": "minecraft:vex",
  "name": "Kex the Mean",
  "visualscale": 1.3,
  "experience": 400,
  "effects": {
    "minecraft:resistance": 1,
    "minecraft:slowness": 1
  },
  "attributes": {
    "generic.max_health": 60,
    "generic.follow_range": 50,
    "generic.knockback_resistance": 10
  },
  "customattributes": {
  },
  "gear": {
    "mainhand": "{id:\"minecraft:iron_sword\",Count:1b,tag:{Damage:0, Enchantments:[{lvl:1s,id:\"minecraft:knockback\"}]}}"
  },
  "ai-goals": {
    "minecraft:target": {},
    "brutalbosses:aftercombatregen": {
      "amount": 1
    },
    "brutalbosses:whirlwind": {
      "potiononhit": "minecraft:blindness",
      "knockback": 8,
      "cooldown": 200
    }
  },
  "spawnatchest": {
    "philipsruins:chests/ocean_ruins_loot": 1
  }
}