{
  "entity": "minecraft:vindicator",
  "name": "Klaudius Bloodglare",
  "visualscale": 1.1,
  "experience": 300,
  "effects": {
    "minecraft:resistance": 1,
    "minecraft:slowness": 1
  },
  "attributes": {
    "generic.max_health": 90,
    "generic.follow_range": 50,
    "generic.knockback_resistance": 10
  },
  "customattributes": {
  },
  "gear": {
    "mainhand": "{id: \"minecraft:netherite_sword\", Count: 1b, tag: {Damage: 0}}"
  },
  "ai-goals": {
    "minecraft:target": {},
    "brutalbosses:aftercombatregen": {
      "amount": 1
    },
    "brutalbosses:whirlwind": {
      "potiononhit": "minecraft:wither",
      "potionduration": 200,
      "knockback": 4,
      "cooldown": 200
    },
    "brutalbosses:charge": {}
  },
  "spawnatchest": {
    "philipsruins:chests/ocean_ruins_loot": 1
  }
}