{
  "entity": "minecraft:witch",
  "name": "Silvana Heartfire",
  "visualscale": 1.2,
  "experience": 500,
  "protect_treasure": true,
  "effects": {
    "minecraft:resistance": 2,
    "minecraft:glowing": 1,
    "minecraft:fire_resistance": 1
  },
  "attributes": {
    "generic.max_health": 90,
    "generic.follow_range": 80,
    "generic.knockback_resistance": 1
  },
  "customattributes": {
    "dropgear": 6
  },
  "gear": {
    "mainhand": "{id: \"minecraft:enchanted_book\", Count: 1b, tag: {StoredEnchantments: [{lvl: 1s, id: \"minecraft:mending\"}]}}"
  },
  "ai-goals": {
    "brutalbosses:itemshootgoal": {
      "item": "{id: \"minecraft:fire_charge\", Count: 1b}",
      "projectile_count": 6,
      "projectile_interval": 300,
      "projectile_aoe": true,
      "lightning": true,
      "explode": true,
      "projectile_distance": 35
    },
    "brutalbosses:shootfireballs": {
      "projectile_count": 3,
      "projectile_interval": 160,
      "projectile_aoe": true,
      "projectile_distance": 25
    },
    "minecraft:target": {}
  },
  "spawnatchest": {
    "philipsruins:chests/ocean_ruins_loot": 1
  }
}