{
  "entity": "minecraft:wither_skeleton",
  "name": "Fenire the Fiery",
  "visualscale": 1.2,
  "experience": 200,
  "protect_treasure": true,
  "effects": {
    "minecraft:slowness": 2,
    "minecraft:resistance": 2
  },
  "attributes": {
    "generic.max_health": 60,
    "generic.follow_range": 50,
    "generic.knockback_resistance": 2
  },
  "customattributes": {
    "projectile_damage_bonus": 2,
    "dropgear": 6
  },
  "gear": {
    "mainhand": "{id:\"minecraft:bow\",Count:1b,tag:{Damage:0, Enchantments:[{lvl:1s,id:\"minecraft:flame\"},{lvl:4s,id:\"minecraft:power\"}]}}",
    "offhand": "{id:\"minecraft:tipped_arrow\",Count:64b,tag:{Potion:\"minecraft:harming\"}}"
  },
  "ai-goals": {
    "brutalbosses:lavarescue": {},
    "brutalbosses:aftercombatregen": {
      "amount": 1
    }
  },
  "spawnatchest": {
    "philipsruins:chests/ocean_ruins_loot": 1
  }
}