{
  "entity": "minecraft:zoglin",
  "name": "Gork the Big",
  "visualscale": 1.7,
  "experience": 400,
  "effects": {
    "minecraft:resistance": 2
  },
  "attributes": {
    "generic.max_health": 110,
    "generic.follow_range": 50,
    "generic.attack_damage": 10,
    "generic.knockback_resistance": 10
  },
  "customattributes": {
    "attack_speed": 0.7
  },
  "gear": {
  },
  "ai-goals": {
    "brutalbosses:charge": {},
    "brutalbosses:aftercombatregen": {
      "amount": 3
    },
    "minecraft:target": {},
    "brutalbosses:whirlwind": {
      "knockup": true
    }
  },
  "spawnatchest": {
    "philipsruins:chests/ocean_ruins_loot": 1
  }
}