{
  "conditions": [
    {
      "type": "forge:mod_loaded",
      "modid": "regions_unexplored"
    },
    {
      "type": "forge:mod_loaded",
      "modid": "corail_woodcutter"
    },
    {
      "type": "forge:item_exists",
      "item": "regions_unexplored:green_bioshroom_pressure_plate"
    }
  ],
  "type": "corail_woodcutter:woodcutting",
  "ingredient": {
    "item": "regions_unexplored:green_bioshroom_planks"
  },
  "result": "regions_unexplored:green_bioshroom_pressure_plate",
  "count": 1
}