{
	"credit": "Made with Blockbench",
	"texture_size": [256, 256],
	"textures": {
		"1": "mahoutsukai:items/blademetal",
		"2": "mahoutsukai:items/darkleather",
		"3": "mahoutsukai:items/darkhandle",
		"4": "mahoutsukai:items/bladeedges",
		"5": "mahoutsukai:items/red",
		"6": "mahoutsukai:items/redcircle",
		"7": "mahoutsukai:items/redhollowcircle",
		"8": "mahoutsukai:items/handlerrune1",
		"9": "mahoutsukai:items/handlerrune2"
	},
	"elements": [
		{
			"from": [6.54073, -15.58687, 6.525],
			"to": [7.64073, -14.86187, 8.025],
			"rotation": {"angle": -45, "axis": "z", "origin": [7.07431, -0.12662, 7.90864]},
			"faces": {
				"north": {"uv": [0.46545, 0.69818, 1.46545, 1.69818], "texture": "#4"},
				"east": {"uv": [0.46545, 1.69818, 1.46545, 2.69818], "texture": "#4"},
				"south": {"uv": [1.46545, 0.69818, 2.46545, 1.69818], "texture": "#4"},
				"west": {"uv": [1.46545, 1.69818, 2.46545, 2.69818], "texture": "#4"},
				"up": {"uv": [1.46545, 3.69818, 0.46545, 2.69818], "texture": "#4"},
				"down": {"uv": [3.46545, 0.69818, 2.46545, 1.69818], "texture": "#4"}
			}
		},
		{
			"from": [6.49707, -15.58687, 6.54098],
			"to": [7.59707, -14.86187, 8.04098],
			"rotation": {"angle": -45, "axis": "z", "origin": [7.07431, -0.12662, 7.90864]},
			"faces": {
				"north": {"uv": [0, 0, 1, 1], "texture": "#4"},
				"east": {"uv": [0, 1, 1, 2], "texture": "#4"},
				"south": {"uv": [1, 0, 2, 1], "texture": "#4"},
				"west": {"uv": [1, 1, 2, 2], "texture": "#4"},
				"up": {"uv": [1, 3, 0, 2], "texture": "#4"},
				"down": {"uv": [3, 0, 2, 1], "texture": "#4"}
			}
		},
		{
			"from": [6.91855, -15.58687, 7.30282],
			"to": [8.41855, -14.86187, 8.40282],
			"rotation": {"angle": -45, "axis": "z", "origin": [7.07431, -0.12662, 7.90864]},
			"faces": {
				"north": {"uv": [1, 1, 2, 2], "texture": "#4"},
				"east": {"uv": [0, 0, 1, 1], "texture": "#4"},
				"south": {"uv": [0, 1, 1, 2], "texture": "#4"},
				"west": {"uv": [1, 0, 2, 1], "texture": "#4"},
				"up": {"uv": [1, 3, 0, 2], "rotation": 90, "texture": "#4"},
				"down": {"uv": [3, 0, 2, 1], "rotation": 270, "texture": "#4"}
			}
		},
		{
			"from": [6.87489, -15.58687, 7.3188],
			"to": [8.37489, -14.86187, 8.4188],
			"rotation": {"angle": -45, "axis": "z", "origin": [7.07431, -0.12662, 7.90864]},
			"faces": {
				"north": {"uv": [1, 1, 2, 2], "texture": "#4"},
				"east": {"uv": [0, 0, 1, 1], "texture": "#4"},
				"south": {"uv": [0, 1, 1, 2], "texture": "#4"},
				"west": {"uv": [1, 0, 2, 1], "texture": "#4"},
				"up": {"uv": [1, 3, 0, 2], "rotation": 90, "texture": "#4"},
				"down": {"uv": [3, 0, 2, 1], "rotation": 270, "texture": "#4"}
			}
		},
		{
			"from": [6.54073, -15.58687, 7.68063],
			"to": [7.64073, -14.86187, 9.18063],
			"rotation": {"angle": -45, "axis": "z", "origin": [7.07431, -0.12662, 7.90864]},
			"faces": {
				"north": {"uv": [1, 0, 2, 1], "texture": "#4"},
				"east": {"uv": [1, 1, 2, 2], "texture": "#4"},
				"south": {"uv": [0, 0, 1, 1], "texture": "#4"},
				"west": {"uv": [0, 1, 1, 2], "texture": "#4"},
				"up": {"uv": [1, 3, 0, 2], "rotation": 180, "texture": "#4"},
				"down": {"uv": [3, 0, 2, 1], "rotation": 180, "texture": "#4"}
			}
		},
		{
			"from": [6.49707, -15.58687, 7.69661],
			"to": [7.59707, -14.86187, 9.19661],
			"rotation": {"angle": -45, "axis": "z", "origin": [7.07431, -0.12662, 7.90864]},
			"faces": {
				"north": {"uv": [1, 0, 2, 1], "texture": "#4"},
				"east": {"uv": [1, 1, 2, 2], "texture": "#4"},
				"south": {"uv": [0, 0, 1, 1], "texture": "#4"},
				"west": {"uv": [0, 1, 1, 2], "texture": "#4"},
				"up": {"uv": [1, 3, 0, 2], "rotation": 180, "texture": "#4"},
				"down": {"uv": [3, 0, 2, 1], "rotation": 180, "texture": "#4"}
			}
		},
		{
			"from": [5.76292, -15.58687, 7.30282],
			"to": [7.26292, -14.86187, 8.40282],
			"rotation": {"angle": -45, "axis": "z", "origin": [7.07431, -0.12662, 7.90864]},
			"faces": {
				"north": {"uv": [0, 1, 1, 2], "texture": "#4"},
				"east": {"uv": [1, 0, 2, 1], "texture": "#4"},
				"south": {"uv": [1, 1, 2, 2], "texture": "#4"},
				"west": {"uv": [0, 0, 1, 1], "texture": "#4"},
				"up": {"uv": [1, 3, 0, 2], "rotation": 270, "texture": "#4"},
				"down": {"uv": [3, 0, 2, 1], "rotation": 90, "texture": "#4"}
			}
		},
		{
			"from": [5.71925, -15.58687, 7.3188],
			"to": [7.21925, -14.86187, 8.4188],
			"rotation": {"angle": -45, "axis": "z", "origin": [7.07431, -0.12662, 7.90864]},
			"faces": {
				"north": {"uv": [0.93091, 2.51273, 1.93091, 3.51273], "texture": "#4"},
				"east": {"uv": [1.93091, 1.51273, 2.93091, 2.51273], "texture": "#4"},
				"south": {"uv": [1.93091, 2.51273, 2.93091, 3.51273], "texture": "#4"},
				"west": {"uv": [0.93091, 1.51273, 1.93091, 2.51273], "texture": "#4"},
				"up": {"uv": [1.93091, 4.51273, 0.93091, 3.51273], "rotation": 270, "texture": "#4"},
				"down": {"uv": [3.93091, 1.51273, 2.93091, 2.51273], "rotation": 90, "texture": "#4"}
			}
		},
		{
			"from": [5.71925, -15.58687, 7.3188],
			"to": [7.21925, -14.86187, 8.4188],
			"rotation": {"angle": -45, "axis": "z", "origin": [7.07431, -0.12662, 7.90864]},
			"faces": {
				"north": {"uv": [0, 1, 1, 2], "texture": "#4"},
				"east": {"uv": [1, 0, 2, 1], "texture": "#4"},
				"south": {"uv": [1, 1, 2, 2], "texture": "#4"},
				"west": {"uv": [0, 0, 1, 1], "texture": "#4"},
				"up": {"uv": [1, 3, 0, 2], "rotation": 270, "texture": "#4"},
				"down": {"uv": [3, 0, 2, 1], "rotation": 90, "texture": "#4"}
			}
		},
		{
			"from": [6.21573, -5.06187, 5.875],
			"to": [7.94073, -4.58687, 9.8625],
			"rotation": {"angle": -45, "axis": "z", "origin": [7.07431, -0.12662, 7.90864]},
			"faces": {
				"north": {"uv": [1.28, 2.15273, 2.28, 3.15273], "texture": "#1"},
				"east": {"uv": [1.28, 3.15273, 2.28, 4.15273], "texture": "#1"},
				"south": {"uv": [2.28, 2.15273, 3.28, 3.15273], "texture": "#1"},
				"west": {"uv": [2.28, 3.15273, 3.28, 4.15273], "texture": "#1"},
				"up": {"uv": [2.28, 5.15273, 1.28, 4.15273], "texture": "#1"},
				"down": {"uv": [4.28, 2.15273, 3.28, 3.15273], "texture": "#1"}
			}
		},
		{
			"from": [5.02198, -5.06187, 7.06875],
			"to": [9.13448, -4.58687, 8.69375],
			"rotation": {"angle": -45, "axis": "z", "origin": [7.07431, -0.12662, 7.90864]},
			"faces": {
				"north": {"uv": [2.28, 3.15273, 3.28, 4.15273], "texture": "#1"},
				"east": {"uv": [1.28, 2.15273, 2.28, 3.15273], "texture": "#1"},
				"south": {"uv": [1.28, 3.15273, 2.28, 4.15273], "texture": "#1"},
				"west": {"uv": [2.28, 2.15273, 3.28, 3.15273], "texture": "#1"},
				"up": {"uv": [2.28, 5.15273, 1.28, 4.15273], "rotation": 90, "texture": "#1"},
				"down": {"uv": [4.28, 2.15273, 3.28, 3.15273], "rotation": 270, "texture": "#1"}
			}
		},
		{
			"from": [4.97557, -5.06187, 7.12122],
			"to": [9.08807, -4.58687, 8.69622],
			"rotation": {"angle": -45, "axis": "z", "origin": [7.07431, -0.12662, 7.90864]},
			"faces": {
				"north": {"uv": [2.28, 3.15273, 3.28, 4.15273], "texture": "#1"},
				"east": {"uv": [1.28, 2.15273, 2.28, 3.15273], "texture": "#1"},
				"south": {"uv": [1.28, 3.15273, 2.28, 4.15273], "texture": "#1"},
				"west": {"uv": [2.28, 2.15273, 3.28, 3.15273], "texture": "#1"},
				"up": {"uv": [2.28, 5.15273, 1.28, 4.15273], "rotation": 90, "texture": "#1"},
				"down": {"uv": [4.28, 2.15273, 3.28, 3.15273], "rotation": 270, "texture": "#1"}
			}
		},
		{
			"from": [5.07423, -5.06187, 7.10714],
			"to": [9.18673, -4.58687, 8.65714],
			"rotation": {"angle": -45, "axis": "z", "origin": [7.07431, -0.12662, 7.90864]},
			"faces": {
				"north": {"uv": [2.28, 3.15273, 3.28, 4.15273], "texture": "#1"},
				"east": {"uv": [1.28, 2.15273, 2.28, 3.15273], "texture": "#1"},
				"south": {"uv": [1.28, 3.15273, 2.28, 4.15273], "texture": "#1"},
				"west": {"uv": [2.28, 2.15273, 3.28, 3.15273], "texture": "#1"},
				"up": {"uv": [2.28, 5.15273, 1.28, 4.15273], "rotation": 90, "texture": "#1"},
				"down": {"uv": [4.28, 2.15273, 3.28, 3.15273], "rotation": 270, "texture": "#1"}
			}
		},
		{
			"from": [5.27198, -5.53687, 7.16875],
			"to": [8.88448, -5.06187, 8.56875],
			"rotation": {"angle": -45, "axis": "z", "origin": [7.07431, -0.12662, 7.90864]},
			"faces": {
				"north": {"uv": [5.50704, 9.11268, 16, 16], "texture": "#2"},
				"east": {"uv": [4.50704, 8.11268, 15.70423, 16], "texture": "#2"},
				"south": {"uv": [4.50704, 9.11268, 15.70423, 16], "texture": "#2"},
				"west": {"uv": [5.50704, 8.11268, 16, 16], "texture": "#2"},
				"up": {"uv": [15.70423, 16, 4.50704, 10.11268], "rotation": 90, "texture": "#2"},
				"down": {"uv": [16, 8.11268, 6.50704, 16], "rotation": 270, "texture": "#2"}
			}
		},
		{
			"from": [6.29073, -5.53687, 6.125],
			"to": [7.86573, -5.06187, 9.5875],
			"rotation": {"angle": -45, "axis": "z", "origin": [7.07431, -0.12662, 7.90864]},
			"faces": {
				"north": {"uv": [4.73239, 7.83099, 15.92958, 16], "texture": "#2"},
				"east": {"uv": [4.73239, 8.83099, 15.92958, 16], "texture": "#2"},
				"south": {"uv": [5.73239, 7.83099, 16, 16], "texture": "#2"},
				"west": {"uv": [5.73239, 8.83099, 16, 16], "texture": "#2"},
				"up": {"uv": [15.92958, 16, 4.73239, 9.83099], "texture": "#2"},
				"down": {"uv": [16, 7.83099, 6.73239, 16], "texture": "#2"}
			}
		},
		{
			"from": [5.22557, -5.53687, 7.19622],
			"to": [8.83807, -5.06187, 8.59622],
			"rotation": {"angle": -45, "axis": "z", "origin": [7.07431, -0.12662, 7.90864]},
			"faces": {
				"north": {"uv": [5.73239, 8.83099, 16, 16], "texture": "#2"},
				"east": {"uv": [4.73239, 7.83099, 15.92958, 16], "texture": "#2"},
				"south": {"uv": [4.73239, 8.83099, 15.92958, 16], "texture": "#2"},
				"west": {"uv": [5.73239, 7.83099, 16, 16], "texture": "#2"},
				"up": {"uv": [15.92958, 16, 4.73239, 9.83099], "rotation": 90, "texture": "#2"},
				"down": {"uv": [16, 7.83099, 6.73239, 16], "rotation": 270, "texture": "#2"}
			}
		},
		{
			"from": [5.32423, -5.53687, 7.18214],
			"to": [8.93673, -5.06187, 8.53214],
			"rotation": {"angle": -45, "axis": "z", "origin": [7.07431, -0.12662, 7.90864]},
			"faces": {
				"north": {"uv": [5.73239, 8.83099, 16, 16], "texture": "#2"},
				"east": {"uv": [4.73239, 7.83099, 15.92958, 16], "texture": "#2"},
				"south": {"uv": [4.73239, 8.83099, 15.92958, 16], "texture": "#2"},
				"west": {"uv": [5.73239, 7.83099, 16, 16], "texture": "#2"},
				"up": {"uv": [15.92958, 16, 4.73239, 9.83099], "rotation": 90, "texture": "#2"},
				"down": {"uv": [16, 7.83099, 6.73239, 16], "rotation": 270, "texture": "#2"}
			}
		},
		{
			"from": [5.27198, -4.66187, 7.16875],
			"to": [8.88448, -4.18687, 8.56875],
			"rotation": {"angle": -45, "axis": "z", "origin": [7.07431, -0.12662, 7.90864]},
			"faces": {
				"north": {"uv": [1, 1.28169, 5.47114, 4.12538], "texture": "#1"},
				"east": {"uv": [0, 0.28169, 5.17536, 4.12538], "texture": "#1"},
				"south": {"uv": [0, 1.28169, 5.17536, 4.12538], "texture": "#1"},
				"west": {"uv": [1, 0.28169, 5.47114, 4.12538], "texture": "#1"},
				"up": {"uv": [5.17536, 4.12538, 0, 2.28169], "rotation": 90, "texture": "#1"},
				"down": {"uv": [5.47114, 0.28169, 2, 4.12538], "rotation": 270, "texture": "#1"}
			}
		},
		{
			"from": [6.29073, -4.66187, 6.125],
			"to": [7.86573, -4.18687, 9.5875],
			"rotation": {"angle": -45, "axis": "z", "origin": [7.07431, -0.12662, 7.90864]},
			"faces": {
				"north": {"uv": [0.22535, 0, 5.40072, 4.12538], "texture": "#1"},
				"east": {"uv": [0.22535, 1, 5.40072, 4.12538], "texture": "#1"},
				"south": {"uv": [1.22535, 0, 5.47114, 4.12538], "texture": "#1"},
				"west": {"uv": [1.22535, 1, 5.47114, 4.12538], "texture": "#1"},
				"up": {"uv": [5.40072, 4.12538, 0.22535, 2], "texture": "#1"},
				"down": {"uv": [5.47114, 0, 2.22535, 4.12538], "texture": "#1"}
			}
		},
		{
			"from": [5.22557, -4.66187, 7.19622],
			"to": [8.83807, -4.18687, 8.59622],
			"rotation": {"angle": -45, "axis": "z", "origin": [7.07431, -0.12662, 7.90864]},
			"faces": {
				"north": {"uv": [1.22535, 1, 5.47114, 4.12538], "texture": "#1"},
				"east": {"uv": [0.22535, 0, 5.40072, 4.12538], "texture": "#1"},
				"south": {"uv": [0.22535, 1, 5.40072, 4.12538], "texture": "#1"},
				"west": {"uv": [1.22535, 0, 5.47114, 4.12538], "texture": "#1"},
				"up": {"uv": [5.40072, 4.12538, 0.22535, 2], "rotation": 90, "texture": "#1"},
				"down": {"uv": [5.47114, 0, 2.22535, 4.12538], "rotation": 270, "texture": "#1"}
			}
		},
		{
			"from": [5.32423, -4.66187, 7.18214],
			"to": [8.93673, -4.18687, 8.53214],
			"rotation": {"angle": -45, "axis": "z", "origin": [7.07431, -0.12662, 7.90864]},
			"faces": {
				"north": {"uv": [1, 1, 5.24579, 4.12538], "texture": "#1"},
				"east": {"uv": [0, 0, 5.17536, 4.12538], "texture": "#1"},
				"south": {"uv": [0, 1, 5.17536, 4.12538], "texture": "#1"},
				"west": {"uv": [1, 0, 5.24579, 4.12538], "texture": "#1"},
				"up": {"uv": [5.17536, 4.12538, 0, 2], "rotation": 90, "texture": "#1"},
				"down": {"uv": [5.24579, 0, 2, 4.12538], "rotation": 270, "texture": "#1"}
			}
		},
		{
			"from": [5.52198, -6.03687, 7.26875],
			"to": [8.63448, -5.56187, 8.46875],
			"rotation": {"angle": -45, "axis": "z", "origin": [7.07431, -0.12662, 7.90864]},
			"faces": {
				"north": {"uv": [5.50704, 9.11268, 16, 16], "texture": "#2"},
				"east": {"uv": [4.50704, 8.11268, 15.70423, 16], "texture": "#2"},
				"south": {"uv": [4.50704, 9.11268, 15.70423, 16], "texture": "#2"},
				"west": {"uv": [5.50704, 8.11268, 16, 16], "texture": "#2"},
				"up": {"uv": [15.70423, 16, 4.50704, 10.11268], "rotation": 90, "texture": "#2"},
				"down": {"uv": [16, 8.11268, 6.50704, 16], "rotation": 270, "texture": "#2"}
			}
		},
		{
			"from": [6.39073, -6.03687, 6.375],
			"to": [7.74073, -5.56187, 9.3375],
			"rotation": {"angle": -45, "axis": "z", "origin": [7.07431, -0.12662, 7.90864]},
			"faces": {
				"north": {"uv": [4.73239, 7.83099, 15.92958, 16], "texture": "#2"},
				"east": {"uv": [4.73239, 8.83099, 15.92958, 16], "texture": "#2"},
				"south": {"uv": [5.73239, 7.83099, 16, 16], "texture": "#2"},
				"west": {"uv": [5.73239, 8.83099, 16, 16], "texture": "#2"},
				"up": {"uv": [15.92958, 16, 4.73239, 9.83099], "texture": "#2"},
				"down": {"uv": [16, 7.83099, 6.73239, 16], "texture": "#2"}
			}
		},
		{
			"from": [5.47557, -6.03687, 7.32122],
			"to": [8.58807, -5.56187, 8.44622],
			"rotation": {"angle": -45, "axis": "z", "origin": [7.07431, -0.12662, 7.90864]},
			"faces": {
				"north": {"uv": [5.73239, 8.83099, 16, 16], "texture": "#2"},
				"east": {"uv": [4.73239, 7.83099, 15.92958, 16], "texture": "#2"},
				"south": {"uv": [4.73239, 8.83099, 15.92958, 16], "texture": "#2"},
				"west": {"uv": [5.73239, 7.83099, 16, 16], "texture": "#2"},
				"up": {"uv": [15.92958, 16, 4.73239, 9.83099], "rotation": 90, "texture": "#2"},
				"down": {"uv": [16, 7.83099, 6.73239, 16], "rotation": 270, "texture": "#2"}
			}
		},
		{
			"from": [5.57423, -6.03687, 7.30714],
			"to": [8.68673, -5.56187, 8.48214],
			"rotation": {"angle": -45, "axis": "z", "origin": [7.07431, -0.12662, 7.90864]},
			"faces": {
				"north": {"uv": [5.73239, 8.83099, 16, 16], "texture": "#2"},
				"east": {"uv": [4.73239, 7.83099, 15.92958, 16], "texture": "#2"},
				"south": {"uv": [4.73239, 8.83099, 15.92958, 16], "texture": "#2"},
				"west": {"uv": [5.73239, 7.83099, 16, 16], "texture": "#2"},
				"up": {"uv": [15.92958, 16, 4.73239, 9.83099], "rotation": 90, "texture": "#2"},
				"down": {"uv": [16, 7.83099, 6.73239, 16], "rotation": 270, "texture": "#2"}
			}
		},
		{
			"from": [5.52198, -4.28687, 7.26875],
			"to": [8.63448, -3.81187, 8.46875],
			"rotation": {"angle": -45, "axis": "z", "origin": [7.07431, -0.12662, 7.90864]},
			"faces": {
				"north": {"uv": [1, 1.28169, 5.73296, 5.20174], "texture": "#1"},
				"east": {"uv": [0, 0.28169, 5.43718, 5.20174], "texture": "#1"},
				"south": {"uv": [0, 1.28169, 5.43718, 5.20174], "texture": "#1"},
				"west": {"uv": [1, 0.28169, 5.73296, 5.20174], "texture": "#1"},
				"up": {"uv": [5.43718, 5.20174, 0, 2.28169], "rotation": 90, "texture": "#1"},
				"down": {"uv": [5.73296, 0.28169, 2, 5.20174], "rotation": 270, "texture": "#1"}
			}
		},
		{
			"from": [6.39073, -4.28687, 6.375],
			"to": [7.74073, -3.81187, 9.3375],
			"rotation": {"angle": -45, "axis": "z", "origin": [7.07431, -0.12662, 7.90864]},
			"faces": {
				"north": {"uv": [0.22535, 0, 5.66254, 5.20174], "texture": "#1"},
				"east": {"uv": [0.22535, 1, 5.66254, 5.20174], "texture": "#1"},
				"south": {"uv": [1.22535, 0, 5.73296, 5.20174], "texture": "#1"},
				"west": {"uv": [1.22535, 1, 5.73296, 5.20174], "texture": "#1"},
				"up": {"uv": [5.66254, 5.20174, 0.22535, 2], "texture": "#1"},
				"down": {"uv": [5.73296, 0, 2.22535, 5.20174], "texture": "#1"}
			}
		},
		{
			"from": [5.47557, -4.28687, 7.32122],
			"to": [8.58807, -3.81187, 8.44622],
			"rotation": {"angle": -45, "axis": "z", "origin": [7.07431, -0.12662, 7.90864]},
			"faces": {
				"north": {"uv": [1.22535, 1, 5.73296, 5.20174], "texture": "#1"},
				"east": {"uv": [0.22535, 0, 5.66254, 5.20174], "texture": "#1"},
				"south": {"uv": [0.22535, 1, 5.66254, 5.20174], "texture": "#1"},
				"west": {"uv": [1.22535, 0, 5.73296, 5.20174], "texture": "#1"},
				"up": {"uv": [5.66254, 5.20174, 0.22535, 2], "rotation": 90, "texture": "#1"},
				"down": {"uv": [5.73296, 0, 2.22535, 5.20174], "rotation": 270, "texture": "#1"}
			}
		},
		{
			"from": [5.57423, -4.28687, 7.30714],
			"to": [8.68673, -3.81187, 8.48214],
			"rotation": {"angle": -45, "axis": "z", "origin": [7.07431, -0.12662, 7.90864]},
			"faces": {
				"north": {"uv": [1.22535, 1, 5.73296, 5.20174], "texture": "#1"},
				"east": {"uv": [0.22535, 0, 5.66254, 5.20174], "texture": "#1"},
				"south": {"uv": [0.22535, 1, 5.66254, 5.20174], "texture": "#1"},
				"west": {"uv": [1.22535, 0, 5.73296, 5.20174], "texture": "#1"},
				"up": {"uv": [5.66254, 5.20174, 0.22535, 2], "rotation": 90, "texture": "#1"},
				"down": {"uv": [5.73296, 0, 2.22535, 5.20174], "rotation": 270, "texture": "#1"}
			}
		},
		{
			"from": [5.77198, -6.53687, 7.36875],
			"to": [8.38448, -6.06187, 8.36875],
			"rotation": {"angle": -45, "axis": "z", "origin": [7.07431, -0.12662, 7.90864]},
			"faces": {
				"north": {"uv": [5.50704, 9.11268, 16, 16], "texture": "#2"},
				"east": {"uv": [4.50704, 8.11268, 15.70423, 16], "texture": "#2"},
				"south": {"uv": [4.50704, 9.11268, 15.70423, 16], "texture": "#2"},
				"west": {"uv": [5.50704, 8.11268, 16, 16], "texture": "#2"},
				"up": {"uv": [15.70423, 16, 4.50704, 10.11268], "rotation": 90, "texture": "#2"},
				"down": {"uv": [16, 8.11268, 6.50704, 16], "rotation": 270, "texture": "#2"}
			}
		},
		{
			"from": [6.51573, -6.53687, 6.625],
			"to": [7.64073, -6.06187, 9.1125],
			"rotation": {"angle": -45, "axis": "z", "origin": [7.07431, -0.12662, 7.90864]},
			"faces": {
				"north": {"uv": [4.73239, 7.83099, 15.92958, 16], "texture": "#2"},
				"east": {"uv": [4.73239, 8.83099, 15.92958, 16], "texture": "#2"},
				"south": {"uv": [5.73239, 7.83099, 16, 16], "texture": "#2"},
				"west": {"uv": [5.73239, 8.83099, 16, 16], "texture": "#2"},
				"up": {"uv": [15.92958, 16, 4.73239, 9.83099], "texture": "#2"},
				"down": {"uv": [16, 7.83099, 6.73239, 16], "texture": "#2"}
			}
		},
		{
			"from": [5.72557, -6.53687, 7.42122],
			"to": [8.33807, -6.06187, 8.37122],
			"rotation": {"angle": -45, "axis": "z", "origin": [7.07431, -0.12662, 7.90864]},
			"faces": {
				"north": {"uv": [5.73239, 8.83099, 16, 16], "texture": "#2"},
				"east": {"uv": [4.73239, 7.83099, 15.92958, 16], "texture": "#2"},
				"south": {"uv": [4.73239, 8.83099, 15.92958, 16], "texture": "#2"},
				"west": {"uv": [5.73239, 7.83099, 16, 16], "texture": "#2"},
				"up": {"uv": [15.92958, 16, 4.73239, 9.83099], "rotation": 90, "texture": "#2"},
				"down": {"uv": [16, 7.83099, 6.73239, 16], "rotation": 270, "texture": "#2"}
			}
		},
		{
			"from": [5.82423, -6.53687, 7.40714],
			"to": [8.43673, -6.06187, 8.35714],
			"rotation": {"angle": -45, "axis": "z", "origin": [7.07431, -0.12662, 7.90864]},
			"faces": {
				"north": {"uv": [5.73239, 8.83099, 16, 16], "texture": "#2"},
				"east": {"uv": [4.73239, 7.83099, 15.92958, 16], "texture": "#2"},
				"south": {"uv": [4.73239, 8.83099, 15.92958, 16], "texture": "#2"},
				"west": {"uv": [5.73239, 7.83099, 16, 16], "texture": "#2"},
				"up": {"uv": [15.92958, 16, 4.73239, 9.83099], "rotation": 90, "texture": "#2"},
				"down": {"uv": [16, 7.83099, 6.73239, 16], "rotation": 270, "texture": "#2"}
			}
		},
		{
			"from": [6.59073, -15.53687, 6.65],
			"to": [7.59073, -2.53687, 7.65],
			"rotation": {"angle": -45, "axis": "z", "origin": [7.07431, -0.12662, 7.90864]},
			"faces": {
				"north": {"uv": [0, 12.22535, 16, 1], "texture": "#2"},
				"east": {"uv": [16, 16, 3.90791, 1.78561], "texture": "#2"},
				"south": {"uv": [1, 0, 2, 1], "texture": "#2"},
				"west": {"uv": [1, 1, 2, 2], "texture": "#2"},
				"up": {"uv": [1, 3, 0, 2], "texture": "#2"},
				"down": {"uv": [3, 0, 2, 1], "texture": "#2"}
			}
		},
		{
			"from": [6.5501, -15.53687, 6.66472],
			"to": [7.5501, -4.06187, 7.66472],
			"rotation": {"angle": -45, "axis": "z", "origin": [7.07431, -0.12662, 7.90864]},
			"faces": {
				"north": {"uv": [1, 13.21127, 16, 3], "texture": "#2"},
				"east": {"uv": [14.09209, 14.21439, 1.83165, 0], "texture": "#2"},
				"south": {"uv": [2, 2, 3, 3], "texture": "#2"},
				"west": {"uv": [0, 3, 1, 4], "texture": "#2"},
				"up": {"uv": [4, 1, 3, 0], "texture": "#2"},
				"down": {"uv": [2, 3, 1, 4], "texture": "#2"}
			}
		},
		{
			"from": [7.29784, -15.53687, 7.35711],
			"to": [8.29784, -3.03687, 8.35711],
			"rotation": {"angle": -45, "axis": "z", "origin": [7.07431, -0.12662, 7.90864]},
			"faces": {
				"north": {"uv": [3, 12.22535, 16, 2], "texture": "#2"},
				"east": {"uv": [14.09209, 16, 1.83165, 0], "texture": "#2"},
				"south": {"uv": [3, 2, 4, 3], "texture": "#2"},
				"west": {"uv": [3, 3, 4, 4], "texture": "#2"},
				"up": {"uv": [1, 5, 0, 4], "texture": "#2"},
				"down": {"uv": [5, 0, 4, 1], "texture": "#2"}
			}
		},
		{
			"from": [7.25721, -15.53687, 7.37183],
			"to": [8.25721, -4.08687, 8.37183],
			"rotation": {"angle": -45, "axis": "z", "origin": [7.07431, -0.12662, 7.90864]},
			"faces": {
				"north": {"uv": [1, 15.21127, 16, 5], "texture": "#2"},
				"east": {"uv": [16, 14.21439, 3.83165, 0], "texture": "#2"},
				"south": {"uv": [2, 4, 3, 5], "texture": "#2"},
				"west": {"uv": [4, 2, 5, 3], "texture": "#2"},
				"up": {"uv": [4, 5, 3, 4], "texture": "#2"},
				"down": {"uv": [5, 3, 4, 4], "texture": "#2"}
			}
		},
		{
			"from": [7.25721, -15.53687, 7.37183],
			"to": [8.25721, -7.53687, 8.37183],
			"rotation": {"angle": -45, "axis": "z", "origin": [7.07431, -0.12662, 7.90864]},
			"faces": {
				"north": {"uv": [1, 15.21127, 16, 5], "texture": "#2"},
				"east": {"uv": [16, 14.21439, 3.83165, 0], "texture": "#2"},
				"south": {"uv": [2, 4, 3, 5], "texture": "#2"},
				"west": {"uv": [4, 2, 5, 3], "texture": "#2"},
				"up": {"uv": [4, 5, 3, 4], "texture": "#2"},
				"down": {"uv": [5, 3, 4, 4], "texture": "#2"}
			}
		},
		{
			"from": [6.59073, -15.53687, 8.06421],
			"to": [7.59073, -3.28687, 9.06421],
			"rotation": {"angle": -45, "axis": "z", "origin": [7.07431, -0.12662, 7.90864]},
			"faces": {
				"north": {"uv": [4, 15.21127, 16, 5], "texture": "#2"},
				"east": {"uv": [12.09209, 16, 0, 0], "texture": "#2"},
				"south": {"uv": [5, 0, 6, 1], "texture": "#2"},
				"west": {"uv": [1, 5, 2, 6], "texture": "#2"},
				"up": {"uv": [6, 2, 5, 1], "texture": "#2"},
				"down": {"uv": [3, 5, 2, 6], "texture": "#2"}
			}
		},
		{
			"from": [6.5501, -15.53687, 8.07894],
			"to": [7.5501, -4.11187, 9.07894],
			"rotation": {"angle": -45, "axis": "z", "origin": [7.07431, -0.12662, 7.90864]},
			"faces": {
				"north": {"uv": [5, 13.21127, 16, 3], "texture": "#2"},
				"east": {"uv": [15.09209, 16, 2.83165, 0], "texture": "#2"},
				"south": {"uv": [5, 3, 6, 4], "texture": "#2"},
				"west": {"uv": [4, 5, 5, 6], "texture": "#2"},
				"up": {"uv": [6, 5, 5, 4], "texture": "#2"},
				"down": {"uv": [6, 5, 5, 6], "texture": "#2"}
			}
		},
		{
			"from": [5.88363, -15.53687, 7.35711],
			"to": [6.88363, -3.03687, 8.35711],
			"rotation": {"angle": -45, "axis": "z", "origin": [7.07431, -0.12662, 7.90864]},
			"faces": {
				"north": {"uv": [0, 16, 16, 7], "texture": "#2"},
				"east": {"uv": [16, 13.21439, 5.83165, 0], "texture": "#2"},
				"south": {"uv": [1, 6, 2, 7], "texture": "#2"},
				"west": {"uv": [6, 1, 7, 2], "texture": "#2"},
				"up": {"uv": [3, 7, 2, 6], "texture": "#2"},
				"down": {"uv": [7, 2, 6, 3], "texture": "#2"}
			}
		},
		{
			"from": [5.84299, -15.53687, 7.37183],
			"to": [6.84299, -4.08687, 8.37183],
			"rotation": {"angle": -45, "axis": "z", "origin": [7.07431, -0.12662, 7.90864]},
			"faces": {
				"north": {"uv": [3, 16, 16, 7], "texture": "#2"},
				"east": {"uv": [16, 16, 5.83165, 0], "texture": "#2"},
				"south": {"uv": [4, 6, 5, 7], "texture": "#2"},
				"west": {"uv": [6, 4, 7, 5], "texture": "#2"},
				"up": {"uv": [6, 7, 5, 6], "texture": "#2"},
				"down": {"uv": [7, 5, 6, 6], "texture": "#2"}
			}
		},
		{
			"from": [3.18809, -4.0486, 6.325],
			"to": [6.78809, -2.5486, 9.425],
			"rotation": {"angle": -45, "axis": "z", "origin": [7.07431, -0.12662, 7.90864]},
			"faces": {
				"north": {"uv": [3.6, 0, 12.48, 15.70667], "texture": "#3"},
				"east": {"uv": [3.1, 0, 12.92, 15.94667], "texture": "#3"},
				"south": {"uv": [3.6, 0, 12.85333, 15.89333], "texture": "#3"},
				"west": {"uv": [3.52667, 0.08, 13.02667, 16], "texture": "#3"},
				"up": {"uv": [3.6, 0, 13.06667, 16], "texture": "#3"},
				"down": {"uv": [3.6, 0, 13.06667, 15.95333], "texture": "#3"}
			}
		},
		{
			"from": [7.39089, -4.06113, 6.325],
			"to": [10.99089, -2.56113, 9.425],
			"rotation": {"angle": -45, "axis": "z", "origin": [7.07431, -0.12662, 7.90864]},
			"faces": {
				"north": {"uv": [12.48, 0, 3.6, 15.70667], "texture": "#3"},
				"east": {"uv": [13.02667, 0.08, 3.52667, 16], "texture": "#3"},
				"south": {"uv": [12.85333, 0, 3.6, 15.89333], "texture": "#3"},
				"west": {"uv": [12.92, 0, 3.1, 15.94667], "texture": "#3"},
				"up": {"uv": [13.06667, 0, 3.6, 16], "texture": "#3"},
				"down": {"uv": [13.06667, 0, 3.6, 15.95333], "texture": "#3"}
			}
		},
		{
			"from": [5.29073, -3.63687, 6.325],
			"to": [8.89073, -2.13687, 9.425],
			"rotation": {"angle": -45, "axis": "z", "origin": [7.07431, -0.12662, 7.90864]},
			"faces": {
				"north": {"uv": [3.6, 0, 12.48, 15.70667], "texture": "#3"},
				"east": {"uv": [3.1, 0, 12.92, 15.94667], "texture": "#3"},
				"south": {"uv": [3.6, 0, 12.85333, 15.89333], "texture": "#3"},
				"west": {"uv": [3.52667, 0.08, 13.02667, 16], "texture": "#3"},
				"up": {"uv": [3.6, 0, 13.06667, 16], "texture": "#3"},
				"down": {"uv": [3.6, 0, 13.06667, 15.95333], "texture": "#3"}
			}
		},
		{
			"from": [5.34073, -2.36187, 7],
			"to": [8.84073, 29.46313, 9],
			"rotation": {"angle": -45, "axis": "z", "origin": [7.07431, -0.12662, 7.90864]},
			"faces": {
				"north": {"uv": [0, 0, 16, 16], "texture": "#1"},
				"east": {"uv": [0, 0, 16, 16], "texture": "#1"},
				"south": {"uv": [0, 0, 16, 16], "texture": "#1"},
				"west": {"uv": [0, 0, 16, 16], "texture": "#1"},
				"up": {"uv": [0, 0, 16, 9.1875], "texture": "#1"},
				"down": {"uv": [0, 0, 16, 9.1875], "texture": "#1"}
			}
		},
		{
			"from": [5.87083, -2.63687, 7.31987],
			"to": [9.22083, 29.46313, 8.14487],
			"rotation": {"angle": -45, "axis": "z", "origin": [7.07431, -0.12662, 7.90864]},
			"faces": {
				"north": {"uv": [8.86273, 0, 9.61273, 16], "texture": "#4"},
				"east": {"uv": [9.11273, 0, 10.11273, 16], "texture": "#4"},
				"south": {"uv": [8.86273, 0, 9.61273, 16], "texture": "#4"},
				"west": {"uv": [9.11273, 0, 10.11273, 16], "texture": "#4"},
				"up": {"uv": [8.11273, 1, 8.86273, 2], "texture": "#4"},
				"down": {"uv": [8.11273, 1, 8.86273, 2], "texture": "#4"}
			}
		},
		{
			"from": [7.94583, -2.58687, 7.85513],
			"to": [9.22083, 29.46313, 8.73013],
			"rotation": {"angle": -45, "axis": "z", "origin": [7.07431, -0.12662, 7.90864]},
			"faces": {
				"north": {"uv": [9.61273, 0, 8.86273, 16], "texture": "#4"},
				"east": {"uv": [10.11273, 0, 9.11273, 16], "texture": "#4"},
				"south": {"uv": [9.61273, 0, 8.86273, 16], "texture": "#4"},
				"west": {"uv": [10.11273, 0, 9.11273, 16], "texture": "#4"},
				"up": {"uv": [8.11273, 2, 8.86273, 1], "texture": "#4"},
				"down": {"uv": [8.11273, 2, 8.86273, 1], "texture": "#4"}
			}
		},
		{
			"from": [5.22083, -2.36187, 7.85513],
			"to": [6.24583, 29.46313, 8.73013],
			"rotation": {"angle": -45, "axis": "z", "origin": [7.07431, -0.12662, 7.90864]},
			"faces": {
				"north": {"uv": [9.61273, 0, 8.86273, 16], "texture": "#4"},
				"east": {"uv": [10.11273, 0, 9.11273, 16], "texture": "#4"},
				"south": {"uv": [9.61273, 0, 8.86273, 16], "texture": "#4"},
				"west": {"uv": [10.11273, 0, 9.11273, 16], "texture": "#4"},
				"up": {"uv": [8.11273, 2, 8.86273, 1], "texture": "#4"},
				"down": {"uv": [8.11273, 2, 8.86273, 1], "texture": "#4"}
			}
		},
		{
			"from": [5.22083, -2.93687, 7.31987],
			"to": [6.44583, 29.46313, 8.14487],
			"rotation": {"angle": -45, "axis": "z", "origin": [7.07431, -0.12662, 7.90864]},
			"faces": {
				"north": {"uv": [8.86273, 0, 9.61273, 16], "texture": "#4"},
				"east": {"uv": [9.11273, 0, 10.11273, 16], "texture": "#4"},
				"south": {"uv": [8.86273, 0, 9.61273, 16], "texture": "#4"},
				"west": {"uv": [9.11273, 0, 10.11273, 16], "texture": "#4"},
				"up": {"uv": [8.11273, 1, 8.86273, 2], "texture": "#4"},
				"down": {"uv": [8.11273, 1, 8.86273, 2], "texture": "#4"}
			}
		},
		{
			"from": [8.79526, -3.08687, 7.78073],
			"to": [9.54526, 29.46313, 8.18073],
			"rotation": {"angle": -45, "axis": "z", "origin": [7.07431, -0.12662, 7.90864]},
			"faces": {
				"north": {"uv": [8.86273, 0, 9.61273, 16], "texture": "#4"},
				"east": {"uv": [9.11273, 0, 9.51273, 16], "texture": "#4"},
				"south": {"uv": [8.86273, 0, 9.61273, 16], "texture": "#4"},
				"west": {"uv": [9.11273, 0, 9.51273, 16], "texture": "#4"},
				"up": {"uv": [8.11273, 1, 8.86273, 1.4], "texture": "#4"},
				"down": {"uv": [8.11273, 1, 8.86273, 1.4], "texture": "#4"}
			}
		},
		{
			"from": [4.63621, -2.71187, 7.78073],
			"to": [5.38621, 29.46313, 8.18073],
			"rotation": {"angle": -45, "axis": "z", "origin": [7.07431, -0.12662, 7.90864]},
			"faces": {
				"north": {"uv": [8.08909, 0, 8.83909, 16], "texture": "#4"},
				"east": {"uv": [7.98909, 0, 8.38909, 16], "texture": "#4"},
				"south": {"uv": [8.08909, 0, 8.83909, 16], "texture": "#4"},
				"west": {"uv": [7.98909, 0, 8.38909, 16], "texture": "#4"},
				"up": {"uv": [7.33909, 1, 8.08909, 1.4], "texture": "#4"},
				"down": {"uv": [7.33909, 1, 8.08909, 1.4], "texture": "#4"}
			}
		},
		{
			"from": [5.13602, 29.35842, 7.31544],
			"to": [9.06102, 30.35842, 8.71544],
			"rotation": {"angle": -45, "axis": "z", "origin": [7.07431, -0.12662, 7.90864]},
			"faces": {
				"north": {"uv": [14.36636, 0, 0.49455, 14.34227], "rotation": 270, "texture": "#4"},
				"east": {"uv": [15, 0, 0.49455, 14.475], "rotation": 90, "texture": "#4"},
				"south": {"uv": [14.25, 0, 0, 16], "rotation": 90, "texture": "#4"},
				"west": {"uv": [15, 0, 0.49455, 14.475], "rotation": 90, "texture": "#4"},
				"up": {"uv": [14.25, 0, 0.14455, 16], "rotation": 90, "texture": "#4"},
				"down": {"uv": [13.85, 0, 0, 16], "rotation": 90, "texture": "#4"}
			}
		},
		{
			"from": [4.93602, -2.66658, 7.51544],
			"to": [9.26102, 30.35842, 8.49044],
			"rotation": {"angle": -45, "axis": "z", "origin": [7.07431, -0.12662, 7.90864]},
			"faces": {
				"north": {"uv": [0, 0, 12.38091, 11.17091], "rotation": 270, "texture": "#4"},
				"east": {"uv": [16, 0, 1.49455, 13.42409], "rotation": 90, "texture": "#4"},
				"south": {"uv": [15.25, 0, 0.74455, 15.77409], "rotation": 90, "texture": "#4"},
				"west": {"uv": [16, 0, 1.49455, 13.42409], "rotation": 90, "texture": "#4"},
				"up": {"uv": [15.25, 0, 0.71955, 15.77409], "rotation": 90, "texture": "#4"},
				"down": {"uv": [14.85, 0, 0.31955, 15.77409], "rotation": 90, "texture": "#4"}
			}
		},
		{
			"from": [5.13602, 30.08342, 7.51544],
			"to": [9.06102, 30.93342, 8.49044],
			"rotation": {"angle": -45, "axis": "z", "origin": [7.07431, -0.12662, 7.90864]},
			"faces": {
				"north": {"uv": [0, 0, 12.23091, 11.17091], "rotation": 270, "texture": "#4"},
				"east": {"uv": [16, 0, 1.34455, 13.42409], "rotation": 90, "texture": "#4"},
				"south": {"uv": [15.25, 0, 0.59455, 15.37409], "rotation": 90, "texture": "#4"},
				"west": {"uv": [16, 0, 1.34455, 13.42409], "rotation": 90, "texture": "#4"},
				"up": {"uv": [15.25, 0, 0.71955, 15.37409], "rotation": 90, "texture": "#4"},
				"down": {"uv": [14.85, 0, 0.31955, 15.37409], "rotation": 90, "texture": "#4"}
			}
		},
		{
			"from": [5.56102, 30.04528, 7.79044],
			"to": [8.66102, 31.475, 8.21544],
			"rotation": {"angle": -45, "axis": "z", "origin": [7.07431, -0.12662, 7.90864]},
			"faces": {
				"north": {"uv": [0, 0, 12.81063, 11.17091], "rotation": 270, "texture": "#4"},
				"east": {"uv": [16, 0, 1.92426, 12.87409], "rotation": 90, "texture": "#4"},
				"south": {"uv": [15.25, 0, 1.17426, 14.54909], "rotation": 90, "texture": "#4"},
				"west": {"uv": [16, 0, 1.92426, 12.87409], "rotation": 90, "texture": "#4"},
				"up": {"uv": [15.25, 0, 0.16955, 14.54909], "rotation": 90, "texture": "#4"},
				"down": {"uv": [14.85, 0, 0, 14.54909], "rotation": 90, "texture": "#4"}
			}
		},
		{
			"from": [4.63602, 29.35842, 7.79044],
			"to": [9.53602, 30.35842, 8.19044],
			"rotation": {"angle": -45, "axis": "z", "origin": [7.07431, -0.12662, 7.90864]},
			"faces": {
				"north": {"uv": [0, 0, 12.38091, 11.17091], "rotation": 270, "texture": "#4"},
				"east": {"uv": [16, 0, 1.49455, 12.84909], "rotation": 90, "texture": "#4"},
				"south": {"uv": [15.25, 0, 0.74455, 16], "rotation": 90, "texture": "#4"},
				"west": {"uv": [16, 0, 1.49455, 12.84909], "rotation": 90, "texture": "#4"},
				"up": {"uv": [15.25, 0, 0.14455, 16], "rotation": 90, "texture": "#4"},
				"down": {"uv": [14.85, 0, 0, 16], "rotation": 90, "texture": "#4"}
			}
		},
		{
			"from": [6.09073, -2.11187, 6.975],
			"to": [8.09073, -1.03687, 9.025],
			"rotation": {"angle": -45, "axis": "z", "origin": [7.07431, -0.12662, 7.90864]},
			"faces": {
				"north": {"uv": [0, 0, 15, 8.25], "texture": "#5"},
				"east": {"uv": [15.25, 0.25, 15.75, 0.75], "texture": "#5"},
				"south": {"uv": [0, 0, 15, 8.25], "texture": "#5"},
				"west": {"uv": [15.25, 0.25, 15.75, 0.75], "texture": "#5"},
				"up": {"uv": [15.25, 0.25, 15.75, 0.75], "texture": "#5"},
				"down": {"uv": [15.25, 0.25, 15.75, 0.75], "texture": "#5"}
			}
		},
		{
			"from": [6.09073, 19.43813, 6.975],
			"to": [8.09073, 21.26313, 9.025],
			"rotation": {"angle": -45, "axis": "z", "origin": [7.07431, -0.12662, 7.90864]},
			"faces": {
				"north": {"uv": [0, 0, 15, 8.25], "texture": "#5"},
				"east": {"uv": [15.25, 0.25, 15.75, 0.75], "texture": "#5"},
				"south": {"uv": [0, 0, 15, 8.25], "texture": "#5"},
				"west": {"uv": [15.25, 0.25, 15.75, 0.75], "texture": "#5"},
				"up": {"uv": [15.25, 0.25, 15.75, 0.75], "texture": "#5"},
				"down": {"uv": [15.25, 0.25, 15.75, 0.75], "texture": "#5"}
			}
		},
		{
			"from": [6.79073, -0.68687, 6.975],
			"to": [7.39073, -0.11187, 9.025],
			"rotation": {"angle": -45, "axis": "z", "origin": [7.07431, -0.12662, 7.90864]},
			"faces": {
				"north": {"uv": [0, 0, 15, 16], "texture": "#6"},
				"east": {"uv": [15.25, 0.25, 15.75, 0.75], "texture": "#6"},
				"south": {"uv": [0, 0, 15, 16], "texture": "#6"},
				"west": {"uv": [15.25, 0.25, 15.75, 0.75], "texture": "#6"},
				"up": {"uv": [15.25, 0.25, 15.75, 0.75], "texture": "#6"},
				"down": {"uv": [15.25, 0.25, 15.75, 0.75], "texture": "#6"}
			}
		},
		{
			"from": [5.84073, 0.36313, 6.975],
			"to": [8.34073, 2.93813, 9.025],
			"rotation": {"angle": -45, "axis": "z", "origin": [7.07431, -0.12662, 7.90864]},
			"faces": {
				"north": {"uv": [0, 0, 15, 16], "texture": "#7"},
				"east": {"uv": [15.25, 0.25, 15.75, 0.75], "texture": "#7"},
				"south": {"uv": [0, 0, 15, 16], "texture": "#7"},
				"west": {"uv": [15.25, 0.25, 15.75, 0.75], "texture": "#7"},
				"up": {"uv": [15.25, 0.25, 15.75, 0.75], "texture": "#7"},
				"down": {"uv": [15.25, 0.25, 15.75, 0.75], "texture": "#7"}
			}
		},
		{
			"from": [5.84073, 3.11313, 6.975],
			"to": [8.34073, 5.68813, 9.025],
			"rotation": {"angle": -45, "axis": "z", "origin": [7.07431, -0.12662, 7.90864]},
			"faces": {
				"north": {"uv": [0, 0, 15, 16], "texture": "#7"},
				"east": {"uv": [15.25, 0.25, 15.75, 0.75], "texture": "#7"},
				"south": {"uv": [0, 0, 15, 16], "texture": "#7"},
				"west": {"uv": [15.25, 0.25, 15.75, 0.75], "texture": "#7"},
				"up": {"uv": [15.25, 0.25, 15.75, 0.75], "texture": "#7"},
				"down": {"uv": [15.25, 0.25, 15.75, 0.75], "texture": "#7"}
			}
		},
		{
			"from": [5.84073, 5.86313, 6.975],
			"to": [8.34073, 8.43813, 9.025],
			"rotation": {"angle": -45, "axis": "z", "origin": [7.07431, -0.12662, 7.90864]},
			"faces": {
				"north": {"uv": [0, 0, 15, 16], "texture": "#7"},
				"east": {"uv": [15.25, 0.25, 15.75, 0.75], "texture": "#7"},
				"south": {"uv": [0, 0, 15, 16], "texture": "#7"},
				"west": {"uv": [15.25, 0.25, 15.75, 0.75], "texture": "#7"},
				"up": {"uv": [15.25, 0.25, 15.75, 0.75], "texture": "#7"},
				"down": {"uv": [15.25, 0.25, 15.75, 0.75], "texture": "#7"}
			}
		},
		{
			"from": [5.84073, 8.61313, 6.975],
			"to": [8.34073, 11.18813, 9.025],
			"rotation": {"angle": -45, "axis": "z", "origin": [7.07431, -0.12662, 7.90864]},
			"faces": {
				"north": {"uv": [0, 0, 15, 16], "texture": "#7"},
				"east": {"uv": [15.25, 0.25, 15.75, 0.75], "texture": "#7"},
				"south": {"uv": [0, 0, 15, 16], "texture": "#7"},
				"west": {"uv": [15.25, 0.25, 15.75, 0.75], "texture": "#7"},
				"up": {"uv": [15.25, 0.25, 15.75, 0.75], "texture": "#7"},
				"down": {"uv": [15.25, 0.25, 15.75, 0.75], "texture": "#7"}
			}
		},
		{
			"from": [7.01573, 11.11313, 6.975],
			"to": [7.16573, 19.43813, 9.025],
			"rotation": {"angle": -45, "axis": "z", "origin": [7.07431, -0.12662, 7.90864]},
			"faces": {
				"north": {"uv": [5, 0, 6, 1], "texture": "#7"},
				"east": {"uv": [15.25, 0.25, 15.75, 0.75], "texture": "#7"},
				"south": {"uv": [5, 0, 6, 1], "texture": "#7"},
				"west": {"uv": [15.25, 0.25, 15.75, 0.75], "texture": "#7"},
				"up": {"uv": [15.25, 0.25, 15.75, 0.75], "texture": "#7"},
				"down": {"uv": [15.25, 0.25, 15.75, 0.75], "texture": "#7"}
			}
		},
		{
			"from": [7.01573, 21.13813, 6.975],
			"to": [7.16573, 28.16313, 9.025],
			"rotation": {"angle": -45, "axis": "z", "origin": [7.07431, -0.12662, 7.90864]},
			"faces": {
				"north": {"uv": [5, 0, 6, 1], "texture": "#7"},
				"east": {"uv": [15.25, 0.25, 15.75, 0.75], "texture": "#7"},
				"south": {"uv": [5, 0, 6, 1], "texture": "#7"},
				"west": {"uv": [15.25, 0.25, 15.75, 0.75], "texture": "#7"},
				"up": {"uv": [15.25, 0.25, 15.75, 0.75], "texture": "#7"},
				"down": {"uv": [15.25, 0.25, 15.75, 0.75], "texture": "#7"}
			}
		},
		{
			"from": [7.01573, 8.36313, 6.975],
			"to": [7.16573, 8.68813, 9.025],
			"rotation": {"angle": -45, "axis": "z", "origin": [7.07431, -0.12662, 7.90864]},
			"faces": {
				"north": {"uv": [5, 0, 6, 1], "texture": "#7"},
				"east": {"uv": [15.25, 0.25, 15.75, 0.75], "texture": "#7"},
				"south": {"uv": [5, 0, 6, 1], "texture": "#7"},
				"west": {"uv": [15.25, 0.25, 15.75, 0.75], "texture": "#7"},
				"up": {"uv": [15.25, 0.25, 15.75, 0.75], "texture": "#7"},
				"down": {"uv": [15.25, 0.25, 15.75, 0.75], "texture": "#7"}
			}
		},
		{
			"from": [7.01573, 5.61313, 6.975],
			"to": [7.16573, 5.93813, 9.025],
			"rotation": {"angle": -45, "axis": "z", "origin": [7.07431, -0.12662, 7.90864]},
			"faces": {
				"north": {"uv": [5, 0, 6, 1], "texture": "#7"},
				"east": {"uv": [15.25, 0.25, 15.75, 0.75], "texture": "#7"},
				"south": {"uv": [5, 0, 6, 1], "texture": "#7"},
				"west": {"uv": [15.25, 0.25, 15.75, 0.75], "texture": "#7"},
				"up": {"uv": [15.25, 0.25, 15.75, 0.75], "texture": "#7"},
				"down": {"uv": [15.25, 0.25, 15.75, 0.75], "texture": "#7"}
			}
		},
		{
			"from": [7.01573, 2.86313, 6.975],
			"to": [7.16573, 3.18813, 9.025],
			"rotation": {"angle": -45, "axis": "z", "origin": [7.07431, -0.12662, 7.90864]},
			"faces": {
				"north": {"uv": [5, 0, 6, 1], "texture": "#7"},
				"east": {"uv": [15.25, 0.25, 15.75, 0.75], "texture": "#7"},
				"south": {"uv": [5, 0, 6, 1], "texture": "#7"},
				"west": {"uv": [15.25, 0.25, 15.75, 0.75], "texture": "#7"},
				"up": {"uv": [15.25, 0.25, 15.75, 0.75], "texture": "#7"},
				"down": {"uv": [15.25, 0.25, 15.75, 0.75], "texture": "#7"}
			}
		},
		{
			"from": [7.01573, -0.13687, 6.975],
			"to": [7.16573, 0.41313, 9.025],
			"rotation": {"angle": -45, "axis": "z", "origin": [7.07431, -0.12662, 7.90864]},
			"faces": {
				"north": {"uv": [5, 0, 6, 1], "texture": "#7"},
				"east": {"uv": [15.25, 0.25, 15.75, 0.75], "texture": "#7"},
				"south": {"uv": [5, 0, 6, 1], "texture": "#7"},
				"west": {"uv": [15.25, 0.25, 15.75, 0.75], "texture": "#7"},
				"up": {"uv": [15.25, 0.25, 15.75, 0.75], "texture": "#7"},
				"down": {"uv": [15.25, 0.25, 15.75, 0.75], "texture": "#7"}
			}
		},
		{
			"from": [7.01573, -1.13687, 6.975],
			"to": [7.16573, -0.58687, 9.025],
			"rotation": {"angle": -45, "axis": "z", "origin": [7.07431, -0.12662, 7.90864]},
			"faces": {
				"north": {"uv": [5, 0, 6, 1], "texture": "#7"},
				"east": {"uv": [15.25, 0.25, 15.75, 0.75], "texture": "#7"},
				"south": {"uv": [5, 0, 6, 1], "texture": "#7"},
				"west": {"uv": [15.25, 0.25, 15.75, 0.75], "texture": "#7"},
				"up": {"uv": [15.25, 0.25, 15.75, 0.75], "texture": "#7"},
				"down": {"uv": [15.25, 0.25, 15.75, 0.75], "texture": "#7"}
			}
		},
		{
			"from": [6.54073, -3.51187, 6.25],
			"to": [7.64073, -2.26187, 9.5],
			"rotation": {"angle": -45, "axis": "z", "origin": [7.07431, -0.12662, 7.90864]},
			"faces": {
				"north": {"uv": [0, 0, 14.905, 16], "texture": "#8"},
				"east": {"uv": [15.43, 0, 16, 0.69667], "texture": "#8"},
				"south": {"uv": [0, 0, 15.02833, 16], "texture": "#8"},
				"west": {"uv": [15.75, 0, 16, 0.67], "texture": "#8"},
				"up": {"uv": [15.78333, 0, 16, 0.75], "texture": "#8"},
				"down": {"uv": [15.78333, 0, 16, 0.70333], "texture": "#8"}
			}
		},
		{
			"from": [3.74779, -3.96078, 6.25],
			"to": [7.74779, -2.76078, 9.5],
			"rotation": {"angle": -45, "axis": "z", "origin": [7.07431, -0.12662, 7.90864]},
			"faces": {
				"north": {"uv": [16, 0, 0, 16], "texture": "#9"},
				"east": {"uv": [16, 0, 16, 0.69667], "texture": "#9"},
				"south": {"uv": [0, 0, 16, 16], "texture": "#9"},
				"west": {"uv": [16, 0, 16, 0.67], "texture": "#9"},
				"up": {"uv": [16, 0, 16, 0.75], "texture": "#9"},
				"down": {"uv": [16, 0, 16, 0.70333], "texture": "#9"}
			}
		},
		{
			"from": [6.43119, -3.9733, 6.25],
			"to": [10.43119, -2.7733, 9.5],
			"rotation": {"angle": -45, "axis": "z", "origin": [7.07431, -0.12662, 7.90864]},
			"faces": {
				"north": {"uv": [0, 0, 16, 16], "texture": "#9"},
				"east": {"uv": [16, 0, 16, 0.67], "texture": "#9"},
				"south": {"uv": [16, 0, 0, 16], "texture": "#9"},
				"west": {"uv": [16, 0, 16, 0.69667], "texture": "#9"},
				"up": {"uv": [16, 0, 16, 0.75], "texture": "#9"},
				"down": {"uv": [16, 0, 16, 0.70333], "texture": "#9"}
			}
		}
	],
	"display": {
		"thirdperson_righthand": {
			"rotation": [54.5, 90, 0],
			"translation": [-0.25, 7.75, 6.25],
			"scale": [0.65, 0.65, 0.65]
		},
		"thirdperson_lefthand": {
			"rotation": [54.5, -90, 0],
			"translation": [-0.25, 7.75, 6.25],
			"scale": [0.65, 0.65, 0.65]
		},
		"firstperson_righthand": {
			"rotation": [-9.66, 83.23, 51.22],
			"translation": [-3.75, 8, 7.75],
			"scale": [0.35, 0.35, 0.35]
		},
		"firstperson_lefthand": {
			"rotation": [-163.45, -79.36, 154.92],
			"translation": [-4, 8, 7.75],
			"scale": [0.35, 0.35, 0.35]
		},
		"ground": {
			"rotation": [-90, 0, 0],
			"scale": [0.3, 0.3, 0.3]
		},
		"gui": {
			"translation": [-2, 1, 0],
			"scale": [0.4, 0.4, 0.4]
		},
		"fixed": {
			"rotation": [-180, 0, -180],
			"translation": [2.25, 1.25, 0],
			"scale": [0.5, 0.5, 0.5]
		}
	},
	"groups": [
		{
			"name": "Body",
			"origin": [8, 8, 8],
			"color": 0,
			"children": [
				{
					"name": "1",
					"origin": [8, 8, 8],
					"color": 0,
					"children": [0, 1, 2, 3, 4, 5, 6, 7, 8]
				},
				{
					"name": "group",
					"origin": [8, 8, 8],
					"color": 0,
					"children": [9, 10, 11, 12]
				},
				{
					"name": "Hand",
					"origin": [8, 8, 8],
					"color": 0,
					"children": [13, 14, 15, 16]
				},
				{
					"name": "group",
					"origin": [8, 8, 8],
					"color": 0,
					"children": [17, 18, 19, 20]
				},
				{
					"name": "group",
					"origin": [8, 8, 8],
					"color": 0,
					"children": [21, 22, 23, 24]
				},
				{
					"name": "group",
					"origin": [8, 8, 8],
					"color": 0,
					"children": [25, 26, 27, 28]
				},
				{
					"name": "group",
					"origin": [8, 8, 8],
					"color": 0,
					"children": [29, 30, 31, 32]
				},
				{
					"name": "2",
					"origin": [8, 8, 8],
					"color": 0,
					"children": [33, 34, 35, 36, 37, 38, 39, 40, 41]
				},
				{
					"name": "Guard",
					"origin": [8, 13.41671, 6.86327],
					"color": 0,
					"children": [42, 43, 44]
				},
				{
					"name": "Blade",
					"origin": [8, 8, 8],
					"color": 0,
					"children": [45, 46, 47, 48, 49, 50, 51]
				},
				{
					"name": "TipBlade",
					"origin": [8, 8, 8],
					"color": 0,
					"children": [52, 53, 54, 55, 56]
				},
				{
					"name": "Red Runes",
					"origin": [8, 8, 8],
					"color": 0,
					"children": [57, 58, 59, 60, 61, 62, 63, 64, 65, 66, 67, 68, 69, 70]
				},
				{
					"name": "HandleRunes",
					"origin": [8, 8, 8],
					"color": 0,
					"children": [71, 72, 73]
				}
			]
		}
	]
}