{
	"credit": "Made with Blockbench",
	"textures": {
		"0": "mahoutsukai:item/ea_guard_big",
		"1": "mahoutsukai:item/ea_guard_top",
		"2": "mahoutsukai:item/ea_guard_lower",
		"4": "mahoutsukai:item/gold_b",
		"7": "mahoutsukai:item/ea_dark_blade",
		"8": "mahoutsukai:item/ea",
		"9": "mahoutsukai:item/ea_tip",
		"10": "mahoutsukai:item/ea_lower_tip",
		"particle": "mahoutsukai:items/ea_guard_big"
	},
	"elements": [
		{
			"from": [7.2963, 14.12494, 6.84042],
			"to": [8.1963, 15.22494, 6.86242],
			"rotation": {"angle": -22.5, "axis": "y", "origin": [7.7463, 14.67494, 6.85142]},
			"faces": {
				"north": {"uv": [0, 5.75, 8, 16], "texture": "#9"}
			}
		},
		{
			"from": [6.39711, 14.12494, 6.45773],
			"to": [7.29711, 15.22494, 6.47973],
			"rotation": {"angle": 22.5, "axis": "y", "origin": [7.84711, 14.67494, 6.46873]},
			"faces": {
				"north": {"uv": [8, 5.75, 16, 16], "texture": "#9"}
			}
		},
		{
			"from": [7.26498, 14.12494, 7.172],
			"to": [8.16498, 15.22494, 7.194],
			"rotation": {"angle": 22.5, "axis": "y", "origin": [7.33477, 14.67494, 7.02551]},
			"faces": {
				"south": {"uv": [8, 5.75, 0, 16], "texture": "#9"}
			}
		},
		{
			"from": [6.50456, 14.12494, 7.172],
			"to": [7.40456, 15.22494, 7.194],
			"rotation": {"angle": -22.5, "axis": "y", "origin": [7.33477, 14.67494, 7.02551]},
			"faces": {
				"south": {"uv": [16, 5.75, 8, 16], "texture": "#9"}
			}
		},
		{
			"from": [6.70416, 10.1671, 6.475],
			"to": [7.95416, 14.1421, 7.45],
			"rotation": {"angle": 0, "axis": "z", "origin": [7.32916, 12.1546, 6.9625]},
			"faces": {
				"north": {"uv": [0, 0, 16, 16], "rotation": 270, "texture": "#7"},
				"east": {"uv": [0, 0, 16, 16], "rotation": 90, "texture": "#7"},
				"south": {"uv": [0, 0, 16, 16], "rotation": 90, "texture": "#7"},
				"west": {"uv": [0, 0, 16, 16], "rotation": 90, "texture": "#7"},
				"up": {"uv": [0, 0, 16, 16], "rotation": 90, "texture": "#7"},
				"down": {"uv": [0, 0, 16, 16], "rotation": 90, "texture": "#7"}
			}
		},
		{
			"from": [6.65416, 6.1671, 6.425],
			"to": [8.00416, 10.1421, 7.5],
			"rotation": {"angle": 0, "axis": "z", "origin": [7.32916, 8.1921, 6.9625]},
			"faces": {
				"north": {"uv": [0, 0, 16, 16], "rotation": 270, "texture": "#7"},
				"east": {"uv": [0, 0, 16, 16], "rotation": 90, "texture": "#7"},
				"south": {"uv": [0, 0, 16, 16], "rotation": 90, "texture": "#7"},
				"west": {"uv": [0, 0, 16, 16], "rotation": 90, "texture": "#7"},
				"up": {"uv": [0, 0, 16, 16], "rotation": 90, "texture": "#7"},
				"down": {"uv": [0, 0, 16, 16], "rotation": 90, "texture": "#7"}
			}
		},
		{
			"from": [6.62916, 3.4171, 6.4],
			"to": [8.02916, 6.1671, 7.525],
			"rotation": {"angle": 0, "axis": "z", "origin": [7.32916, 8.1921, 6.9625]},
			"faces": {
				"north": {"uv": [0, 0, 16, 16], "rotation": 270, "texture": "#7"},
				"east": {"uv": [0, 0, 16, 16], "rotation": 90, "texture": "#7"},
				"south": {"uv": [0, 0, 16, 16], "rotation": 90, "texture": "#7"},
				"west": {"uv": [0, 0, 16, 16], "rotation": 90, "texture": "#7"},
				"up": {"uv": [0, 0, 16, 16], "rotation": 90, "texture": "#7"},
				"down": {"uv": [0, 0, 16, 16], "rotation": 90, "texture": "#7"}
			}
		},
		{
			"from": [6.67916, 2.6921, 6.45],
			"to": [7.97916, 3.4171, 7.45],
			"rotation": {"angle": 0, "axis": "z", "origin": [7.32916, 8.1921, 6.9625]},
			"faces": {
				"north": {"uv": [0, 0, 16, 16], "rotation": 270, "texture": "#7"},
				"east": {"uv": [0, 0, 16, 16], "rotation": 90, "texture": "#7"},
				"south": {"uv": [0, 0, 16, 16], "rotation": 90, "texture": "#7"},
				"west": {"uv": [0, 0, 16, 16], "rotation": 90, "texture": "#7"},
				"up": {"uv": [0, 0, 16, 16], "rotation": 90, "texture": "#7"},
				"down": {"uv": [0, 0, 16, 16], "rotation": 90, "texture": "#7"}
			}
		},
		{
			"from": [6.77916, 2.0671, 6.55],
			"to": [7.87916, 2.6921, 7.35],
			"rotation": {"angle": 0, "axis": "z", "origin": [7.32916, 8.1921, 6.9625]},
			"faces": {
				"north": {"uv": [0, 0, 5.75, 16], "rotation": 90, "texture": "#4"},
				"east": {"uv": [0, 0, 5.75, 16], "rotation": 270, "texture": "#4"},
				"south": {"uv": [0, 0, 5.75, 16], "rotation": 90, "texture": "#4"},
				"west": {"uv": [0, 0, 5.75, 16], "rotation": 90, "texture": "#4"},
				"up": {"uv": [0, 0, 5.75, 16], "rotation": 180, "texture": "#4"},
				"down": {"uv": [0, 0, 5.75, 16], "texture": "#4"}
			}
		},
		{
			"from": [6.92916, 2.0671, 6.4],
			"to": [7.72916, 2.6921, 7.5],
			"rotation": {"angle": 0, "axis": "y", "origin": [7.32916, 2.3796, 6.95]},
			"faces": {
				"north": {"uv": [0, 0, 5.75, 16], "rotation": 90, "texture": "#4"},
				"east": {"uv": [0, 0, 5.75, 16], "rotation": 270, "texture": "#4"},
				"south": {"uv": [0, 0, 5.75, 16], "rotation": 90, "texture": "#4"},
				"west": {"uv": [0, 0, 5.75, 16], "rotation": 90, "texture": "#4"},
				"up": {"uv": [0, 0, 5.75, 16], "rotation": 180, "texture": "#4"},
				"down": {"uv": [0, 0, 5.75, 16], "texture": "#4"}
			}
		},
		{
			"from": [6.77916, 2.0671, 6.55],
			"to": [7.87916, 2.6921, 7.35],
			"rotation": {"angle": 0, "axis": "z", "origin": [7.32916, 8.1921, 6.9625]},
			"color": 5,
			"faces": {
				"north": {"uv": [0, 0, 0.625, 1.1], "rotation": 270, "texture": "#missing"},
				"east": {"uv": [0, 0, 0.625, 0.8], "rotation": 90, "texture": "#missing"},
				"south": {"uv": [0, 0, 0.625, 1.1], "rotation": 90, "texture": "#missing"},
				"west": {"uv": [0, 0, 0.625, 0.8], "rotation": 90, "texture": "#missing"},
				"up": {"uv": [0, 0, 0.8, 1.1], "rotation": 90, "texture": "#missing"},
				"down": {"uv": [0, 0, 0.8, 1.1], "rotation": 90, "texture": "#missing"}
			}
		},
		{
			"from": [7.07916, -3.6829, 6.85],
			"to": [7.57916, 1.1921, 7.05],
			"rotation": {"angle": 0, "axis": "z", "origin": [7.32916, 8.1921, 6.9625]},
			"faces": {
				"north": {"uv": [0, 0, 4.875, 0.5], "rotation": 270, "texture": "#4"},
				"east": {"uv": [0, 0, 4.875, 0.2], "rotation": 90, "texture": "#4"},
				"south": {"uv": [0, 0, 4.875, 0.5], "rotation": 90, "texture": "#4"},
				"west": {"uv": [0, 0, 4.875, 0.2], "rotation": 90, "texture": "#4"},
				"up": {"uv": [0, 0, 0.2, 0.5], "rotation": 90, "texture": "#4"},
				"down": {"uv": [0, 0, 0.2, 0.5], "rotation": 90, "texture": "#4"}
			}
		},
		{
			"from": [7.22916, -3.6829, 6.7],
			"to": [7.42916, 1.1921, 7.2],
			"rotation": {"angle": 0, "axis": "y", "origin": [7.32916, -0.7454, 6.95]},
			"faces": {
				"north": {"uv": [0, 0, 5.75, 16], "rotation": 90, "texture": "#4"},
				"east": {"uv": [0, 0, 5.75, 16], "rotation": 270, "texture": "#4"},
				"south": {"uv": [0, 0, 5.75, 16], "rotation": 90, "texture": "#4"},
				"west": {"uv": [0, 0, 5.75, 16], "rotation": 90, "texture": "#4"},
				"up": {"uv": [0, 0, 5.75, 16], "rotation": 180, "texture": "#4"},
				"down": {"uv": [0, 0, 5.75, 16], "texture": "#4"}
			}
		},
		{
			"from": [6.78847, -4.8579, 6.95],
			"to": [7.83847, -3.3579, 6.975],
			"rotation": {"angle": 0, "axis": "y", "origin": [7.23847, -4.4329, 6.9625]},
			"faces": {
				"north": {"uv": [0, 0, 16, 16], "texture": "#10"},
				"east": {"uv": [0, 0, 3, 1.5], "rotation": 90, "texture": "#10"},
				"south": {"uv": [16, 0, 0, 16], "texture": "#10"},
				"west": {"uv": [0, 0, 3, 1.5], "rotation": 270, "texture": "#10"},
				"up": {"uv": [0, 0, 1.5, 1.5], "texture": "#10"},
				"down": {"uv": [0, 0, 1.5, 1.5], "rotation": 180, "texture": "#10"}
			}
		},
		{
			"from": [6.97916, 1.1921, 6.75],
			"to": [7.67916, 2.0671, 7.15],
			"rotation": {"angle": 0, "axis": "z", "origin": [7.32916, 1.6296, 6.95]},
			"faces": {
				"north": {"uv": [0, 0, 5.75, 16], "rotation": 90, "texture": "#4"},
				"east": {"uv": [0, 0, 5.75, 16], "rotation": 270, "texture": "#4"},
				"south": {"uv": [0, 0, 5.75, 16], "rotation": 90, "texture": "#4"},
				"west": {"uv": [0, 0, 5.75, 16], "rotation": 90, "texture": "#4"},
				"up": {"uv": [0, 0, 5.75, 16], "rotation": 180, "texture": "#4"},
				"down": {"uv": [0, 0, 5.75, 16], "texture": "#4"}
			}
		},
		{
			"from": [7.12916, 1.1921, 6.6],
			"to": [7.52916, 2.0671, 7.3],
			"rotation": {"angle": 0, "axis": "y", "origin": [7.32916, 1.6296, 6.95]},
			"faces": {
				"north": {"uv": [0, 0, 5.75, 16], "rotation": 90, "texture": "#4"},
				"east": {"uv": [0, 0, 5.75, 16], "rotation": 270, "texture": "#4"},
				"south": {"uv": [0, 0, 5.75, 16], "rotation": 90, "texture": "#4"},
				"west": {"uv": [0, 0, 5.75, 16], "rotation": 90, "texture": "#4"},
				"up": {"uv": [0, 0, 5.75, 16], "rotation": 180, "texture": "#4"},
				"down": {"uv": [0, 0, 5.75, 16], "texture": "#4"}
			}
		},
		{
			"from": [6.60416, 6.1671, 6.375],
			"to": [8.05416, 6.1921, 7.55],
			"rotation": {"angle": 0, "axis": "z", "origin": [7.32916, 4.6671, 6.975]},
			"faces": {
				"north": {"uv": [7.25, 6.8125, 7.275, 8.2125], "rotation": 270, "texture": "#8"},
				"east": {"uv": [7.25, 6.8125, 7.275, 7.9375], "rotation": 90, "texture": "#8"},
				"south": {"uv": [7.25, 6.8125, 7.275, 8.2125], "rotation": 90, "texture": "#8"},
				"west": {"uv": [7.25, 6.8125, 7.275, 7.9375], "rotation": 90, "texture": "#8"},
				"up": {"uv": [7.25, 6.8125, 8.375, 8.2125], "rotation": 90, "texture": "#8"},
				"down": {"uv": [7.25, 6.8125, 8.375, 8.2125], "rotation": 90, "texture": "#8"}
			}
		},
		{
			"from": [6.60416, 3.417, 6.375],
			"to": [8.05416, 3.442, 7.55],
			"rotation": {"angle": 0, "axis": "z", "origin": [7.32916, 4.6671, 6.975]},
			"faces": {
				"north": {"uv": [7.25, 0, 7.275, 16], "rotation": 270, "texture": "#8"},
				"east": {"uv": [7.25, 0, 7.275, 16], "rotation": 90, "texture": "#8"},
				"south": {"uv": [7.25, 0, 7.275, 16], "rotation": 90, "texture": "#8"},
				"west": {"uv": [7.25, 0, 7.275, 16], "rotation": 90, "texture": "#8"},
				"up": {"uv": [7.25, 0, 8.425, 16], "rotation": 90, "texture": "#8"},
				"down": {"uv": [7.25, 0, 8.425, 16], "rotation": 90, "texture": "#8"}
			}
		},
		{
			"from": [6.65416, 2.692, 6.4125],
			"to": [8.00416, 2.717, 7.4875],
			"rotation": {"angle": 0, "axis": "z", "origin": [7.32916, 4.6671, 6.975]},
			"faces": {
				"north": {"uv": [7.25, 0, 7.275, 16], "rotation": 270, "texture": "#8"},
				"east": {"uv": [7.25, 0, 7.275, 16], "rotation": 90, "texture": "#8"},
				"south": {"uv": [7.25, 0, 7.275, 16], "rotation": 90, "texture": "#8"},
				"west": {"uv": [7.25, 0, 7.275, 16], "rotation": 90, "texture": "#8"},
				"up": {"uv": [7.25, 0, 8.425, 16], "rotation": 90, "texture": "#8"},
				"down": {"uv": [7.25, 0, 8.425, 16], "rotation": 90, "texture": "#8"}
			}
		},
		{
			"from": [6.62916, 10.1421, 6.4],
			"to": [8.02916, 10.1671, 7.525],
			"rotation": {"angle": 0, "axis": "z", "origin": [7.32916, 4.6671, 6.975]},
			"faces": {
				"north": {"uv": [7.25, 6.8125, 7.275, 8.2125], "rotation": 270, "texture": "#8"},
				"east": {"uv": [7.25, 6.8125, 7.275, 7.9375], "rotation": 90, "texture": "#8"},
				"south": {"uv": [7.25, 6.8125, 7.275, 8.2125], "rotation": 90, "texture": "#8"},
				"west": {"uv": [7.25, 6.8125, 7.275, 7.9375], "rotation": 90, "texture": "#8"},
				"up": {"uv": [7.25, 6.8125, 8.375, 8.2125], "rotation": 90, "texture": "#8"},
				"down": {"uv": [7.25, 6.8125, 8.375, 8.2125], "rotation": 90, "texture": "#8"}
			}
		},
		{
			"from": [7.12608, 0.4421, 7.52507],
			"to": [9.62608, 4.4421, 7.55007],
			"rotation": {"angle": 22.5, "axis": "y", "origin": [8.17608, 2.4421, 7.40007]},
			"faces": {
				"north": {"uv": [0, 0, 8, 16], "texture": "#0"},
				"east": {"uv": [0, 1.5, 3, 0], "rotation": 90, "texture": "#0"},
				"south": {"uv": [8, 0, 0, 16], "texture": "#0"},
				"west": {"uv": [0, 1.5, 3, 0], "rotation": 270, "texture": "#0"},
				"up": {"uv": [0, 1.5, 1.5, 0], "texture": "#0"},
				"down": {"uv": [0, 1.5, 1.5, 0], "rotation": 180, "texture": "#0"}
			}
		},
		{
			"from": [4.86334, 0.4421, 7.43807],
			"to": [7.36334, 4.4421, 7.46307],
			"rotation": {"angle": -22.5, "axis": "y", "origin": [6.11334, 2.4421, 7.45057]},
			"faces": {
				"north": {"uv": [8, 0, 16, 16], "texture": "#0"},
				"east": {"uv": [0, 1.5, 3, 0], "rotation": 90, "texture": "#0"},
				"south": {"uv": [16, 0, 8, 16], "texture": "#0"},
				"west": {"uv": [0, 1.5, 3, 0], "rotation": 270, "texture": "#0"},
				"up": {"uv": [0, 1.5, 1.5, 0], "texture": "#0"},
				"down": {"uv": [0, 1.5, 1.5, 0], "rotation": 180, "texture": "#0"}
			}
		},
		{
			"from": [7.12608, 0.4421, 6.37126],
			"to": [9.62608, 4.4421, 6.39626],
			"rotation": {"angle": -22.5, "axis": "y", "origin": [8.17608, 2.4421, 6.52126]},
			"faces": {
				"north": {"uv": [0, 0, 8, 16], "texture": "#0"},
				"east": {"uv": [0, 0, 3, 1.5], "rotation": 90, "texture": "#0"},
				"south": {"uv": [8, 0, 0, 16], "texture": "#0"},
				"west": {"uv": [0, 0, 3, 1.5], "rotation": 270, "texture": "#0"},
				"up": {"uv": [0, 0, 1.5, 1.5], "texture": "#0"},
				"down": {"uv": [0, 0, 1.5, 1.5], "rotation": 180, "texture": "#0"}
			}
		},
		{
			"from": [4.86334, 0.4421, 6.45826],
			"to": [7.36334, 4.4421, 6.48326],
			"rotation": {"angle": 22.5, "axis": "y", "origin": [6.11334, 2.4421, 6.47076]},
			"faces": {
				"north": {"uv": [8, 0, 16, 16], "texture": "#0"},
				"east": {"uv": [0, 0, 3, 1.5], "rotation": 90, "texture": "#0"},
				"south": {"uv": [16, 0, 8, 16], "texture": "#0"},
				"west": {"uv": [0, 0, 3, 1.5], "rotation": 270, "texture": "#0"},
				"up": {"uv": [0, 0, 1.5, 1.5], "texture": "#0"},
				"down": {"uv": [0, 0, 1.5, 1.5], "rotation": 180, "texture": "#0"}
			}
		},
		{
			"from": [4.82582, 2.4171, 6.49555],
			"to": [7.32582, 6.4171, 6.52055],
			"rotation": {"angle": 22.5, "axis": "y", "origin": [6.07582, 4.4171, 6.50805]},
			"faces": {
				"north": {"uv": [8, 0, 16, 16], "texture": "#1"},
				"east": {"uv": [0, 0, 3, 1.5], "rotation": 90, "texture": "#1"},
				"south": {"uv": [16, 0, 8, 16], "texture": "#1"},
				"west": {"uv": [0, 0, 3, 1.5], "rotation": 270, "texture": "#1"},
				"up": {"uv": [0, 0, 1.5, 1.5], "texture": "#1"},
				"down": {"uv": [0, 0, 1.5, 1.5], "rotation": 180, "texture": "#1"}
			}
		},
		{
			"from": [7.12595, 2.4171, 6.01815],
			"to": [9.62595, 6.4171, 6.04315],
			"rotation": {"angle": -22.5, "axis": "y", "origin": [7.17592, 4.4171, 6.26935]},
			"faces": {
				"north": {"uv": [0, 0, 8, 16], "texture": "#1"},
				"east": {"uv": [0, 0, 3, 1.5], "rotation": 90, "texture": "#1"},
				"south": {"uv": [8, 0, 0, 16], "texture": "#1"},
				"west": {"uv": [0, 0, 3, 1.5], "rotation": 270, "texture": "#1"},
				"up": {"uv": [0, 0, 1.5, 1.5], "texture": "#1"},
				"down": {"uv": [0, 0, 1.5, 1.5], "rotation": 180, "texture": "#1"}
			}
		},
		{
			"from": [4.91336, 2.4171, 7.81928],
			"to": [7.41336, 6.4171, 7.84428],
			"rotation": {"angle": -22.5, "axis": "y", "origin": [7.22588, 4.4171, 7.39167]},
			"faces": {
				"north": {"uv": [8, 0, 16, 16], "texture": "#1"},
				"east": {"uv": [0, 1.5, 3, 0], "rotation": 90, "texture": "#1"},
				"south": {"uv": [16, 0, 8, 16], "texture": "#1"},
				"west": {"uv": [0, 1.5, 3, 0], "rotation": 270, "texture": "#1"},
				"up": {"uv": [0, 1.5, 1.5, 0], "texture": "#1"},
				"down": {"uv": [0, 1.5, 1.5, 0], "rotation": 180, "texture": "#1"}
			}
		},
		{
			"from": [7.03841, 2.4171, 7.81928],
			"to": [9.53841, 6.4171, 7.84428],
			"rotation": {"angle": 22.5, "axis": "y", "origin": [7.22588, 4.4171, 7.39167]},
			"faces": {
				"north": {"uv": [0, 0, 8, 16], "texture": "#1"},
				"east": {"uv": [0, 1.5, 3, 0], "rotation": 90, "texture": "#1"},
				"south": {"uv": [8, 0, 0, 16], "texture": "#1"},
				"west": {"uv": [0, 1.5, 3, 0], "rotation": 270, "texture": "#1"},
				"up": {"uv": [0, 1.5, 1.5, 0], "texture": "#1"},
				"down": {"uv": [0, 1.5, 1.5, 0], "rotation": 180, "texture": "#1"}
			}
		},
		{
			"from": [4.86334, -1.9329, 6.53326],
			"to": [7.36334, 2.0671, 6.55826],
			"rotation": {"angle": 22.5, "axis": "y", "origin": [6.11334, 4.0671, 6.54576]},
			"faces": {
				"north": {"uv": [8, 0, 16, 16], "texture": "#2"},
				"east": {"uv": [0, 9.5625, 3, 11.0625], "rotation": 90, "texture": "#2"},
				"south": {"uv": [16, 0, 8, 16], "texture": "#2"},
				"west": {"uv": [0, 9.5625, 3, 11.0625], "rotation": 270, "texture": "#2"},
				"up": {"uv": [0, 9.625, 1.5, 11.125], "texture": "#2"},
				"down": {"uv": [0, 9.5, 1.5, 11], "rotation": 180, "texture": "#2"}
			}
		},
		{
			"from": [7.12608, -1.9329, 6.44626],
			"to": [9.62608, 2.0671, 6.47126],
			"rotation": {"angle": -22.5, "axis": "y", "origin": [8.17608, 4.0671, 6.59626]},
			"faces": {
				"north": {"uv": [0, 0, 8, 16], "texture": "#2"},
				"east": {"uv": [12.0625, 0.75, 15.0625, 2.25], "rotation": 90, "texture": "#2"},
				"south": {"uv": [8, 0, 0, 16], "texture": "#2"},
				"west": {"uv": [12, 0.8125, 15, 2.3125], "rotation": 270, "texture": "#2"},
				"up": {"uv": [12.1875, 0.75, 13.6875, 2.25], "texture": "#2"},
				"down": {"uv": [13.5, 0.625, 15, 2.125], "rotation": 270, "texture": "#2"}
			}
		},
		{
			"from": [4.86334, -1.9329, 7.38807],
			"to": [7.36334, 2.0671, 7.41307],
			"rotation": {"angle": -22.5, "axis": "y", "origin": [6.11334, 4.0671, 7.40057]},
			"faces": {
				"north": {"uv": [8, 0, 16, 16], "texture": "#2"},
				"east": {"uv": [0, 11.0625, 3, 9.5625], "rotation": 90, "texture": "#2"},
				"south": {"uv": [16, 0, 8, 16], "texture": "#2"},
				"west": {"uv": [0, 11.0625, 3, 9.5625], "rotation": 270, "texture": "#2"},
				"up": {"uv": [0, 11.125, 1.5, 9.625], "texture": "#2"},
				"down": {"uv": [0, 11, 1.5, 9.5], "rotation": 180, "texture": "#2"}
			}
		},
		{
			"from": [7.12608, -1.9329, 7.47507],
			"to": [9.62608, 2.0671, 7.50007],
			"rotation": {"angle": 22.5, "axis": "y", "origin": [8.17608, 4.0671, 7.35007]},
			"faces": {
				"north": {"uv": [0, 0, 8, 16], "texture": "#2"},
				"east": {"uv": [12.0625, 2.25, 15.0625, 0.75], "rotation": 90, "texture": "#2"},
				"south": {"uv": [8, 0, 0, 16], "texture": "#2"},
				"west": {"uv": [12, 2.3125, 15, 0.8125], "rotation": 270, "texture": "#2"},
				"up": {"uv": [12.1875, 2.25, 13.6875, 0.75], "texture": "#2"},
				"down": {"uv": [15, 0.625, 13.5, 2.125], "rotation": 270, "texture": "#2"}
			}
		},
		{
			"from": [6.84302, 13.0684, 6.45],
			"to": [6.96802, 13.4684, 6.45],
			"rotation": {"angle": -45, "axis": "z", "origin": [6.90552, 13.2684, 6.47]},
			"faces": {
				"north": {"uv": [0, 0, 16, 16], "rotation": 270, "texture": "#8"}
			}
		},
		{
			"from": [7.8967, 13.25875, 6.45],
			"to": [8.0217, 13.55875, 6.45],
			"rotation": {"angle": 45, "axis": "z", "origin": [7.27652, 12.1264, 6.47]},
			"faces": {
				"north": {"uv": [0, 0, 16, 16], "rotation": 270, "texture": "#8"}
			}
		},
		{
			"from": [6.75416, 10.2671, 6.45],
			"to": [6.87916, 11.2421, 6.45],
			"rotation": {"angle": 0, "axis": "z", "origin": [7.27652, 12.1264, 6.47]},
			"faces": {
				"north": {"uv": [0, 0, 16, 16], "rotation": 270, "texture": "#8"}
			}
		},
		{
			"from": [7.13233, 11.10951, 6.45],
			"to": [7.25733, 12.08451, 6.45],
			"rotation": {"angle": -22.5, "axis": "z", "origin": [7.27652, 12.1264, 6.47]},
			"faces": {
				"north": {"uv": [0, 0, 16, 16], "rotation": 270, "texture": "#8"}
			}
		},
		{
			"from": [7.11776, 12.09504, 6.45],
			"to": [7.24276, 14.14504, 6.45],
			"rotation": {"angle": 0, "axis": "z", "origin": [7.27652, 12.1264, 6.47]},
			"faces": {
				"north": {"uv": [0, 0, 16, 16], "rotation": 270, "texture": "#8"}
			}
		},
		{
			"from": [6.31917, 13.47158, 6.45],
			"to": [6.44417, 13.87158, 6.45],
			"rotation": {"angle": -45, "axis": "z", "origin": [7.27652, 12.1264, 6.47]},
			"faces": {
				"north": {"uv": [0, 0, 16, 16], "rotation": 270, "texture": "#8"}
			}
		},
		{
			"from": [6.02239, 10.6405, 6.45],
			"to": [6.49739, 10.7655, 6.45],
			"rotation": {"angle": 45, "axis": "z", "origin": [7.27652, 12.1264, 6.47]},
			"faces": {
				"north": {"uv": [0, 0, 16, 16], "rotation": 180, "texture": "#8"}
			}
		},
		{
			"from": [8.28742, 11.34728, 6.45],
			"to": [8.76242, 11.47228, 6.45],
			"rotation": {"angle": -45, "axis": "z", "origin": [7.27652, 12.1264, 6.47]},
			"faces": {
				"north": {"uv": [0, 0, 16, 16], "rotation": 180, "texture": "#8"}
			}
		},
		{
			"from": [7.71715, 12.21026, 6.45],
			"to": [8.31715, 12.33526, 6.45],
			"rotation": {"angle": 45, "axis": "z", "origin": [7.27652, 12.1264, 6.47]},
			"faces": {
				"north": {"uv": [0, 0, 16, 16], "rotation": 180, "texture": "#8"}
			}
		},
		{
			"from": [7.4404, 10.86066, 6.45],
			"to": [7.5654, 12.58566, 6.46],
			"rotation": {"angle": 0, "axis": "z", "origin": [7.27652, 12.1264, 6.47]},
			"faces": {
				"north": {"uv": [0, 0, 16, 16], "rotation": 270, "texture": "#8"}
			}
		},
		{
			"from": [6.84417, 11.74658, 6.45],
			"to": [6.96917, 12.14658, 6.45],
			"rotation": {"angle": -45, "axis": "z", "origin": [7.27652, 12.1264, 6.47]},
			"faces": {
				"north": {"uv": [0, 0, 16, 16], "rotation": 270, "texture": "#8"}
			}
		},
		{
			"from": [6.14417, 12.47158, 7.48],
			"to": [6.26917, 12.87158, 7.48],
			"rotation": {"angle": -45, "axis": "z", "origin": [7.27652, 12.1264, 7.4525]},
			"faces": {
				"south": {"uv": [0, 16, 16, 0], "rotation": 270, "texture": "#8"}
			}
		},
		{
			"from": [7.8967, 13.25875, 7.48],
			"to": [8.0217, 13.55875, 7.48],
			"rotation": {"angle": 45, "axis": "z", "origin": [7.27652, 12.1264, 7.4525]},
			"faces": {
				"south": {"uv": [0, 16, 16, 0], "rotation": 270, "texture": "#8"}
			}
		},
		{
			"from": [6.75416, 10.2671, 7.48],
			"to": [6.87916, 11.2421, 7.48],
			"rotation": {"angle": 0, "axis": "z", "origin": [7.27652, 12.1264, 7.4525]},
			"faces": {
				"south": {"uv": [0, 16, 16, 0], "rotation": 270, "texture": "#8"}
			}
		},
		{
			"from": [7.13233, 11.10951, 7.48],
			"to": [7.25733, 12.08451, 7.48],
			"rotation": {"angle": -22.5, "axis": "z", "origin": [7.27652, 12.1264, 7.4525]},
			"faces": {
				"south": {"uv": [0, 16, 16, 0], "rotation": 270, "texture": "#8"}
			}
		},
		{
			"from": [7.11776, 12.09504, 7.48],
			"to": [7.24276, 14.14504, 7.48],
			"rotation": {"angle": 0, "axis": "z", "origin": [7.27652, 12.1264, 7.4525]},
			"faces": {
				"south": {"uv": [0, 16, 16, 0], "rotation": 270, "texture": "#8"}
			}
		},
		{
			"from": [6.31917, 13.47158, 7.48],
			"to": [6.44417, 13.87158, 7.48],
			"rotation": {"angle": -45, "axis": "z", "origin": [7.27652, 12.1264, 7.4525]},
			"faces": {
				"south": {"uv": [0, 16, 16, 0], "rotation": 270, "texture": "#8"}
			}
		},
		{
			"from": [6.02239, 10.6405, 7.48],
			"to": [6.49739, 10.7655, 7.48],
			"rotation": {"angle": 45, "axis": "z", "origin": [7.27652, 12.1264, 7.4525]},
			"faces": {
				"south": {"uv": [16, 0, 0, 16], "rotation": 180, "texture": "#8"}
			}
		},
		{
			"from": [8.28742, 11.34728, 7.48],
			"to": [8.76242, 11.47228, 7.48],
			"rotation": {"angle": -45, "axis": "z", "origin": [7.27652, 12.1264, 7.4525]},
			"faces": {
				"south": {"uv": [16, 0, 0, 16], "rotation": 180, "texture": "#8"}
			}
		},
		{
			"from": [7.71715, 12.21026, 7.48],
			"to": [8.31715, 12.33526, 7.48],
			"rotation": {"angle": 45, "axis": "z", "origin": [7.27652, 12.1264, 7.4525]},
			"faces": {
				"south": {"uv": [16, 0, 0, 16], "rotation": 180, "texture": "#8"}
			}
		},
		{
			"from": [7.4404, 10.86066, 7.48],
			"to": [7.5654, 12.58566, 7.49],
			"rotation": {"angle": 0, "axis": "z", "origin": [7.27652, 12.1264, 7.4525]},
			"faces": {
				"south": {"uv": [0, 16, 16, 0], "rotation": 270, "texture": "#8"}
			}
		},
		{
			"from": [6.84417, 11.74658, 7.48],
			"to": [6.96917, 12.14658, 7.48],
			"rotation": {"angle": -45, "axis": "z", "origin": [7.27652, 12.1264, 7.4525]},
			"faces": {
				"south": {"uv": [0, 16, 16, 0], "rotation": 270, "texture": "#8"}
			}
		},
		{
			"from": [6.82487, 9.65601, 6.4225],
			"to": [6.94987, 10.13101, 6.4225],
			"rotation": {"angle": 45, "axis": "z", "origin": [6.88737, 9.89351, 6.4225]},
			"faces": {
				"north": {"uv": [0, 0, 16, 16], "rotation": 270, "texture": "#8"}
			}
		},
		{
			"from": [7.67851, 6.1963, 6.4225],
			"to": [7.80351, 7.2963, 6.4225],
			"rotation": {"angle": 45, "axis": "z", "origin": [7.74101, 6.4338, 6.4225]},
			"faces": {
				"north": {"uv": [0, 0, 16, 16], "rotation": 270, "texture": "#8"}
			}
		},
		{
			"from": [7.92851, 6.3963, 6.4225],
			"to": [8.05351, 7.2963, 6.4225],
			"rotation": {"angle": 45, "axis": "z", "origin": [7.74101, 6.4338, 6.4225]},
			"faces": {
				"north": {"uv": [0, 0, 16, 16], "rotation": 270, "texture": "#8"}
			}
		},
		{
			"from": [8.09013, 6.60969, 6.4225],
			"to": [8.21513, 7.53469, 6.4225],
			"rotation": {"angle": 45, "axis": "z", "origin": [7.65263, 6.52219, 6.4225]},
			"faces": {
				"north": {"uv": [0, 0, 16, 16], "rotation": 270, "texture": "#8"}
			}
		},
		{
			"from": [6.52487, 9.35601, 6.4225],
			"to": [6.64987, 9.83101, 6.4225],
			"rotation": {"angle": 45, "axis": "z", "origin": [6.88737, 9.89351, 6.4225]},
			"faces": {
				"north": {"uv": [0, 0, 16, 16], "rotation": 270, "texture": "#8"}
			}
		},
		{
			"from": [7.66905, 7.91872, 6.422],
			"to": [7.79405, 9.56872, 6.422],
			"rotation": {"angle": 0, "axis": "z", "origin": [7.40655, 7.68122, 6.9235]},
			"faces": {
				"north": {"uv": [0, 0, 16, 16], "rotation": 270, "texture": "#8"}
			}
		},
		{
			"from": [7.08694, 6.99948, 6.422],
			"to": [7.21194, 8.72448, 6.422],
			"rotation": {"angle": 0, "axis": "z", "origin": [7.14944, 7.23698, 6.4225]},
			"faces": {
				"north": {"uv": [0, 0, 16, 16], "rotation": 270, "texture": "#8"}
			}
		},
		{
			"from": [7.42156, 9.00733, 6.422],
			"to": [7.54656, 9.98233, 6.422],
			"rotation": {"angle": 0, "axis": "z", "origin": [7.48406, 9.24483, 7.173]},
			"faces": {
				"north": {"uv": [0, 0, 16, 16], "rotation": 270, "texture": "#8"}
			}
		},
		{
			"from": [6.60238, 6.75925, 6.4225],
			"to": [7.07738, 6.88425, 6.4225],
			"rotation": {"angle": -45, "axis": "z", "origin": [6.88988, 6.72175, 6.4225]},
			"faces": {
				"north": {"uv": [0, 0, 16, 16], "texture": "#8"}
			}
		},
		{
			"from": [6.92613, 6.19409, 6.4225],
			"to": [7.05113, 6.71909, 6.4225],
			"rotation": {"angle": -45, "axis": "z", "origin": [7.01363, 6.45659, 6.4225]},
			"faces": {
				"north": {"uv": [0, 0, 16, 16], "rotation": 270, "texture": "#8"}
			}
		},
		{
			"from": [7.67869, 9.52023, 6.4225],
			"to": [7.95369, 9.64523, 6.4225],
			"rotation": {"angle": 22.5, "axis": "z", "origin": [7.86619, 9.58273, 6.422]},
			"faces": {
				"north": {"uv": [0, 0, 16, 16], "rotation": 180, "texture": "#8"}
			}
		},
		{
			"from": [6.49212, 7.47736, 6.4225],
			"to": [6.61712, 8.00236, 6.4225],
			"rotation": {"angle": -45, "axis": "z", "origin": [7.10462, 6.53986, 6.4225]},
			"faces": {
				"north": {"uv": [0, 0, 16, 16], "rotation": 270, "texture": "#8"}
			}
		},
		{
			"from": [7.33228, 8.59179, 6.4225],
			"to": [7.45728, 9.11679, 6.4225],
			"rotation": {"angle": -45, "axis": "z", "origin": [7.36978, 8.95429, 6.672]},
			"faces": {
				"north": {"uv": [0, 0, 16, 16], "rotation": 270, "texture": "#8"}
			}
		},
		{
			"from": [8.17033, 9.485, 7.52],
			"to": [8.29533, 9.96, 7.52],
			"rotation": {"angle": 45, "axis": "z", "origin": [7.35368, 8.18389, 7.47775]},
			"faces": {
				"south": {"uv": [0, 16, 16, 0], "rotation": 270, "texture": "#8"}
			}
		},
		{
			"from": [6.32757, 6.435, 7.52],
			"to": [6.45257, 7.535, 7.52],
			"rotation": {"angle": 45, "axis": "z", "origin": [7.35368, 8.18389, 7.47775]},
			"faces": {
				"south": {"uv": [0, 16, 16, 0], "rotation": 270, "texture": "#8"}
			}
		},
		{
			"from": [6.57757, 6.635, 7.52],
			"to": [6.70257, 7.535, 7.52],
			"rotation": {"angle": 45, "axis": "z", "origin": [7.35368, 8.18389, 7.47775]},
			"faces": {
				"south": {"uv": [0, 16, 16, 0], "rotation": 270, "texture": "#8"}
			}
		},
		{
			"from": [6.82757, 6.885, 7.52],
			"to": [6.95257, 7.81, 7.52],
			"rotation": {"angle": 45, "axis": "z", "origin": [7.35368, 8.18389, 7.47775]},
			"faces": {
				"south": {"uv": [0, 16, 16, 0], "rotation": 270, "texture": "#8"}
			}
		},
		{
			"from": [7.87033, 9.185, 7.52],
			"to": [7.99533, 9.66, 7.52],
			"rotation": {"angle": 45, "axis": "z", "origin": [7.35368, 8.18389, 7.47775]},
			"faces": {
				"south": {"uv": [0, 16, 16, 0], "rotation": 270, "texture": "#8"}
			}
		},
		{
			"from": [7.66905, 7.91872, 7.52],
			"to": [7.79405, 9.56872, 7.52],
			"rotation": {"angle": 0, "axis": "z", "origin": [7.35368, 8.18389, 7.47775]},
			"faces": {
				"south": {"uv": [0, 16, 16, 0], "rotation": 270, "texture": "#8"}
			}
		},
		{
			"from": [7.08694, 6.99948, 7.52],
			"to": [7.21194, 8.72448, 7.52],
			"rotation": {"angle": 0, "axis": "z", "origin": [7.35368, 8.18389, 7.47775]},
			"faces": {
				"south": {"uv": [0, 16, 16, 0], "rotation": 270, "texture": "#8"}
			}
		},
		{
			"from": [7.42156, 9.00733, 7.52],
			"to": [7.54656, 9.98233, 7.52],
			"rotation": {"angle": 0, "axis": "z", "origin": [7.35368, 8.18389, 7.47775]},
			"faces": {
				"south": {"uv": [0, 16, 16, 0], "rotation": 270, "texture": "#8"}
			}
		},
		{
			"from": [7.77211, 6.85955, 7.52],
			"to": [8.24711, 6.98455, 7.52],
			"rotation": {"angle": -45, "axis": "z", "origin": [7.35368, 8.18389, 7.47775]},
			"faces": {
				"south": {"uv": [16, 0, 0, 16], "texture": "#8"}
			}
		},
		{
			"from": [8.24711, 6.45955, 7.52],
			"to": [8.37211, 6.98455, 7.52],
			"rotation": {"angle": -45, "axis": "z", "origin": [7.35368, 8.18389, 7.47775]},
			"faces": {
				"south": {"uv": [0, 16, 16, 0], "rotation": 270, "texture": "#8"}
			}
		},
		{
			"from": [8.17499, 9.21762, 7.52],
			"to": [8.44999, 9.34262, 7.52],
			"rotation": {"angle": 22.5, "axis": "z", "origin": [7.35368, 8.18389, 7.47775]},
			"faces": {
				"south": {"uv": [16, 0, 0, 16], "rotation": 180, "texture": "#8"}
			}
		},
		{
			"from": [7.72757, 7.78277, 7.52],
			"to": [7.85257, 8.30777, 7.52],
			"rotation": {"angle": -45, "axis": "z", "origin": [7.35368, 8.18389, 7.47775]},
			"faces": {
				"south": {"uv": [0, 16, 16, 0], "rotation": 270, "texture": "#8"}
			}
		},
		{
			"from": [6.78281, 8.37753, 7.52],
			"to": [6.90781, 8.90253, 7.52],
			"rotation": {"angle": -45, "axis": "z", "origin": [7.35368, 8.18389, 7.47775]},
			"faces": {
				"south": {"uv": [0, 16, 16, 0], "rotation": 270, "texture": "#8"}
			}
		},
		{
			"from": [6.44922, 4.68416, 6.395],
			"to": [6.57422, 5.70916, 6.395],
			"rotation": {"angle": -45, "axis": "z", "origin": [7.33672, 4.79041, 6.395]},
			"faces": {
				"north": {"uv": [0, 0, 16, 16], "rotation": 270, "texture": "#8"}
			}
		},
		{
			"from": [7.72422, 3.45916, 6.395],
			"to": [7.84922, 4.25916, 6.395],
			"rotation": {"angle": -45, "axis": "z", "origin": [7.33672, 4.79041, 6.395]},
			"faces": {
				"north": {"uv": [0, 0, 16, 16], "rotation": 270, "texture": "#8"}
			}
		},
		{
			"from": [6.68047, 4.40291, 6.395],
			"to": [6.80547, 5.05291, 6.395],
			"rotation": {"angle": 45, "axis": "z", "origin": [7.33672, 4.79041, 6.395]},
			"faces": {
				"north": {"uv": [0, 0, 16, 16], "rotation": 270, "texture": "#8"}
			}
		},
		{
			"from": [8.09922, 3.80916, 6.395],
			"to": [8.22422, 4.83416, 6.395],
			"rotation": {"angle": -45, "axis": "z", "origin": [7.33672, 4.79041, 6.395]},
			"faces": {
				"north": {"uv": [0, 0, 16, 16], "rotation": 270, "texture": "#8"}
			}
		},
		{
			"from": [7.64987, 5.4046, 6.395],
			"to": [7.77487, 6.1296, 6.395],
			"rotation": {"angle": -45, "axis": "z", "origin": [7.71237, 5.7671, 6.395]},
			"faces": {
				"north": {"uv": [0, 0, 16, 16], "rotation": 270, "texture": "#8"}
			}
		},
		{
			"from": [7.34922, 4.48416, 6.395],
			"to": [7.47422, 5.50916, 6.395],
			"rotation": {"angle": -45, "axis": "z", "origin": [7.33672, 4.79041, 6.395]},
			"faces": {
				"north": {"uv": [0, 0, 16, 16], "rotation": 270, "texture": "#8"}
			}
		},
		{
			"from": [6.97422, 5.38416, 6.395],
			"to": [7.34922, 5.50916, 6.395],
			"rotation": {"angle": -45, "axis": "z", "origin": [7.33672, 4.79041, 6.395]},
			"faces": {
				"north": {"uv": [0, 0, 16, 16], "rotation": 180, "texture": "#8"}
			}
		},
		{
			"from": [6.44922, 4.68416, 7.55],
			"to": [6.57422, 5.70916, 7.55],
			"rotation": {"angle": -45, "axis": "z", "origin": [7.33672, 4.79041, 7.53]},
			"faces": {
				"south": {"uv": [0, 16, 16, 0], "rotation": 270, "texture": "#8"}
			}
		},
		{
			"from": [7.72422, 3.45916, 7.55],
			"to": [7.84922, 4.25916, 7.55],
			"rotation": {"angle": -45, "axis": "z", "origin": [7.33672, 4.79041, 7.53]},
			"faces": {
				"south": {"uv": [0, 16, 16, 0], "rotation": 270, "texture": "#8"}
			}
		},
		{
			"from": [6.68047, 4.40291, 7.55],
			"to": [6.80547, 5.05291, 7.55],
			"rotation": {"angle": 45, "axis": "z", "origin": [7.33672, 4.79041, 7.53]},
			"faces": {
				"south": {"uv": [0, 16, 16, 0], "rotation": 270, "texture": "#8"}
			}
		},
		{
			"from": [8.09922, 3.80916, 7.55],
			"to": [8.22422, 4.83416, 7.55],
			"rotation": {"angle": -45, "axis": "z", "origin": [7.33672, 4.79041, 7.53]},
			"faces": {
				"south": {"uv": [0, 16, 16, 0], "rotation": 270, "texture": "#8"}
			}
		},
		{
			"from": [6.84922, 5.38416, 7.55],
			"to": [6.97422, 6.10916, 7.55],
			"rotation": {"angle": -45, "axis": "z", "origin": [7.33672, 4.79041, 7.53]},
			"faces": {
				"south": {"uv": [0, 16, 16, 0], "rotation": 270, "texture": "#8"}
			}
		},
		{
			"from": [7.34922, 4.48416, 7.55],
			"to": [7.47422, 5.50916, 7.55],
			"rotation": {"angle": -45, "axis": "z", "origin": [7.33672, 4.79041, 7.53]},
			"faces": {
				"south": {"uv": [0, 16, 16, 0], "rotation": 270, "texture": "#8"}
			}
		},
		{
			"from": [6.97422, 5.38416, 7.55],
			"to": [7.34922, 5.50916, 7.55],
			"rotation": {"angle": -45, "axis": "z", "origin": [7.33672, 4.79041, 7.53]},
			"faces": {
				"south": {"uv": [16, 0, 0, 16], "rotation": 180, "texture": "#8"}
			}
		},
		{
			"from": [6.7025, 13.08135, 7.74659],
			"to": [6.7025, 13.80635, 7.87159],
			"rotation": {"angle": -45, "axis": "x", "origin": [6.7025, 12.4126, 6.92784]},
			"faces": {
				"west": {"uv": [0, 0, 16, 16], "rotation": 270, "texture": "#8"}
			}
		},
		{
			"from": [6.7025, 12.75635, 6.13409],
			"to": [6.7025, 13.23135, 6.25909],
			"rotation": {"angle": 45, "axis": "x", "origin": [6.7025, 12.4126, 6.92784]},
			"faces": {
				"west": {"uv": [0, 0, 16, 16], "rotation": 90, "texture": "#8"}
			}
		},
		{
			"from": [6.7025, 12.10635, 7.14659],
			"to": [6.7025, 13.20635, 7.27159],
			"rotation": {"angle": -45, "axis": "x", "origin": [6.7025, 12.4126, 6.92784]},
			"faces": {
				"west": {"uv": [0, 0, 16, 16], "rotation": 270, "texture": "#8"}
			}
		},
		{
			"from": [6.7025, 11.93135, 6.88409],
			"to": [6.7025, 12.40635, 7.00909],
			"rotation": {"angle": 45, "axis": "x", "origin": [6.7025, 12.4126, 6.92784]},
			"faces": {
				"west": {"uv": [0, 0, 16, 16], "rotation": 90, "texture": "#8"}
			}
		},
		{
			"from": [6.7025, 11.60635, 7.53409],
			"to": [6.7025, 12.33135, 7.65909],
			"rotation": {"angle": 45, "axis": "x", "origin": [6.7025, 12.4126, 6.92784]},
			"faces": {
				"west": {"uv": [0, 0, 16, 16], "rotation": 270, "texture": "#8"}
			}
		},
		{
			"from": [6.7025, 10.93135, 5.99659],
			"to": [6.7025, 11.80635, 6.12159],
			"rotation": {"angle": -45, "axis": "x", "origin": [6.7025, 12.4126, 6.92784]},
			"faces": {
				"west": {"uv": [0, 0, 16, 16], "rotation": 270, "texture": "#8"}
			}
		},
		{
			"from": [7.99, 13.08135, 7.74659],
			"to": [7.99, 13.80635, 7.87159],
			"rotation": {"angle": -45, "axis": "x", "origin": [7.9475, 12.4126, 6.92784]},
			"faces": {
				"east": {"uv": [0, 16, 16, 0], "rotation": 270, "texture": "#8"}
			}
		},
		{
			"from": [7.99, 12.75635, 6.13409],
			"to": [7.99, 13.23135, 6.25909],
			"rotation": {"angle": 45, "axis": "x", "origin": [7.9475, 12.4126, 6.92784]},
			"faces": {
				"east": {"uv": [0, 16, 16, 0], "rotation": 90, "texture": "#8"}
			}
		},
		{
			"from": [7.99, 12.10635, 7.14659],
			"to": [7.99, 13.20635, 7.27159],
			"rotation": {"angle": -45, "axis": "x", "origin": [7.9475, 12.4126, 6.92784]},
			"faces": {
				"east": {"uv": [0, 16, 16, 0], "rotation": 270, "texture": "#8"}
			}
		},
		{
			"from": [7.99, 11.93135, 6.88409],
			"to": [7.99, 12.40635, 7.00909],
			"rotation": {"angle": 45, "axis": "x", "origin": [7.9475, 12.4126, 6.92784]},
			"faces": {
				"east": {"uv": [0, 16, 16, 0], "rotation": 90, "texture": "#8"}
			}
		},
		{
			"from": [7.99, 11.60635, 7.53409],
			"to": [7.99, 12.33135, 7.65909],
			"rotation": {"angle": 45, "axis": "x", "origin": [7.9475, 12.4126, 6.92784]},
			"faces": {
				"east": {"uv": [0, 16, 16, 0], "rotation": 270, "texture": "#8"}
			}
		},
		{
			"from": [7.99, 10.93135, 5.99659],
			"to": [7.99, 11.80635, 6.12159],
			"rotation": {"angle": -45, "axis": "x", "origin": [7.9475, 12.4126, 6.92784]},
			"faces": {
				"east": {"uv": [0, 16, 16, 0], "rotation": 270, "texture": "#8"}
			}
		},
		{
			"from": [6.654, 6.99948, 7.1345],
			"to": [6.654, 8.72448, 7.2595],
			"rotation": {"angle": 0, "axis": "y", "origin": [6.654, 7.86198, 7.197]},
			"faces": {
				"west": {"uv": [0, 0, 16, 16], "rotation": 270, "texture": "#8"}
			}
		},
		{
			"from": [6.654, 9.14875, 6.65846],
			"to": [6.654, 9.87375, 6.78346],
			"rotation": {"angle": 0, "axis": "y", "origin": [6.653, 9.51125, 6.72096]},
			"faces": {
				"west": {"uv": [0, 0, 16, 16], "rotation": 270, "texture": "#8"}
			}
		},
		{
			"from": [6.653, 8.5375, 6.80809],
			"to": [6.653, 9.2625, 6.93309],
			"rotation": {"angle": -45, "axis": "x", "origin": [6.654, 9.025, 6.87059]},
			"faces": {
				"west": {"uv": [0, 0, 16, 16], "rotation": 270, "texture": "#8"}
			}
		},
		{
			"from": [6.653, 6.21146, 6.80809],
			"to": [6.653, 7.18646, 6.93309],
			"rotation": {"angle": 45, "axis": "x", "origin": [6.653, 6.69896, 6.87059]},
			"faces": {
				"west": {"uv": [0, 0, 16, 16], "rotation": 270, "texture": "#8"}
			}
		},
		{
			"from": [6.653, 7.53499, 6.87703],
			"to": [6.653, 8.25999, 7.00203],
			"rotation": {"angle": 45, "axis": "x", "origin": [6.653, 8.04749, 6.76453]},
			"faces": {
				"west": {"uv": [0, 0, 16, 16], "rotation": 270, "texture": "#8"}
			}
		},
		{
			"from": [6.653, 7.93499, 6.85203],
			"to": [6.653, 8.50999, 6.97703],
			"rotation": {"angle": -45, "axis": "x", "origin": [6.653, 8.04749, 6.76453]},
			"faces": {
				"west": {"uv": [0, 0, 16, 16], "rotation": 270, "texture": "#8"}
			}
		},
		{
			"from": [6.653, 9.6947, 6.77326],
			"to": [6.653, 9.8197, 7.49826],
			"rotation": {"angle": 45, "axis": "x", "origin": [6.653, 9.7572, 7.13576]},
			"faces": {
				"west": {"uv": [0, 0, 16, 16], "texture": "#8"}
			}
		},
		{
			"from": [8.01, 6.99948, 7.1345],
			"to": [8.01, 8.72448, 7.2595],
			"rotation": {"angle": 0, "axis": "y", "origin": [8.0215, 8.22808, 6.95898]},
			"faces": {
				"east": {"uv": [0, 16, 16, 0], "rotation": 270, "texture": "#8"}
			}
		},
		{
			"from": [8.01, 9.14875, 6.65846],
			"to": [8.01, 9.87375, 6.78346],
			"rotation": {"angle": 0, "axis": "y", "origin": [8.0215, 8.22808, 6.95898]},
			"faces": {
				"east": {"uv": [0, 16, 16, 0], "rotation": 270, "texture": "#8"}
			}
		},
		{
			"from": [8.01, 8.36659, 7.39749],
			"to": [8.01, 9.09159, 7.52249],
			"rotation": {"angle": -45, "axis": "x", "origin": [8.0215, 8.22808, 6.95898]},
			"faces": {
				"east": {"uv": [0, 16, 16, 0], "rotation": 270, "texture": "#8"}
			}
		},
		{
			"from": [8.01, 6.59683, 7.91523],
			"to": [8.01, 7.57183, 8.04023],
			"rotation": {"angle": 45, "axis": "x", "origin": [8.0215, 8.22808, 6.95898]},
			"faces": {
				"east": {"uv": [0, 16, 16, 0], "rotation": 270, "texture": "#8"}
			}
		},
		{
			"from": [8.01, 7.45038, 7.06168],
			"to": [8.01, 8.17538, 7.18668],
			"rotation": {"angle": 45, "axis": "x", "origin": [8.0215, 8.22808, 6.95898]},
			"faces": {
				"east": {"uv": [0, 16, 16, 0], "rotation": 270, "texture": "#8"}
			}
		},
		{
			"from": [8.01, 8.12538, 6.78128],
			"to": [8.01, 8.70038, 6.90628],
			"rotation": {"angle": -45, "axis": "x", "origin": [8.0215, 8.22808, 6.95898]},
			"faces": {
				"east": {"uv": [0, 16, 16, 0], "rotation": 270, "texture": "#8"}
			}
		},
		{
			"from": [8.01, 9.37183, 5.64023],
			"to": [8.01, 9.49683, 6.36523],
			"rotation": {"angle": 45, "axis": "x", "origin": [8.0215, 8.22808, 6.95898]},
			"faces": {
				"east": {"uv": [16, 0, 0, 16], "texture": "#8"}
			}
		},
		{
			"from": [6.628, 5.4559, 7.02],
			"to": [6.628, 5.5809, 7.42],
			"rotation": {"angle": 45, "axis": "x", "origin": [6.628, 5.5184, 7.22]},
			"faces": {
				"west": {"uv": [0, 0, 16, 16], "rotation": 180, "texture": "#8"}
			}
		},
		{
			"from": [6.628, 4.2273, 6.3994],
			"to": [6.628, 4.3523, 7.1744],
			"rotation": {"angle": 45, "axis": "x", "origin": [6.628, 4.2898, 6.7869]},
			"faces": {
				"west": {"uv": [0, 0, 16, 16], "rotation": 180, "texture": "#8"}
			}
		},
		{
			"from": [6.628, 5.60124, 7.06911],
			"to": [6.628, 6.10124, 7.19411],
			"rotation": {"angle": 45, "axis": "x", "origin": [6.628, 5.80124, 7.13161]},
			"faces": {
				"west": {"uv": [0, 0, 16, 16], "rotation": 270, "texture": "#8"}
			}
		},
		{
			"from": [6.628, 5.12448, 6.7595],
			"to": [6.628, 6.09948, 6.8845],
			"rotation": {"angle": 0, "axis": "y", "origin": [6.654, 7.86198, 7.197]},
			"faces": {
				"west": {"uv": [0, 0, 16, 16], "rotation": 270, "texture": "#8"}
			}
		},
		{
			"from": [6.628, 3.52522, 7.23554],
			"to": [6.628, 4.70022, 7.36054],
			"rotation": {"angle": 0, "axis": "y", "origin": [6.6535, 7.96272, 7.67304]},
			"faces": {
				"west": {"uv": [0, 0, 16, 16], "rotation": 270, "texture": "#8"}
			}
		},
		{
			"from": [6.6275, 4.58646, 7.08591],
			"to": [6.6275, 5.31146, 7.21091],
			"rotation": {"angle": -45, "axis": "x", "origin": [6.628, 4.82396, 7.14841]},
			"faces": {
				"west": {"uv": [0, 0, 16, 16], "rotation": 270, "texture": "#8"}
			}
		},
		{
			"from": [8.05, 5.4559, 7.02],
			"to": [8.05, 5.5809, 7.42],
			"rotation": {"angle": 45, "axis": "x", "origin": [8.022, 5.5184, 7.22]},
			"faces": {
				"east": {"uv": [16, 0, 0, 16], "rotation": 180, "texture": "#8"}
			}
		},
		{
			"from": [8.05, 4.2273, 6.3994],
			"to": [8.05, 4.3523, 7.1744],
			"rotation": {"angle": 45, "axis": "x", "origin": [8.022, 4.2898, 6.7869]},
			"faces": {
				"east": {"uv": [16, 0, 0, 16], "rotation": 180, "texture": "#8"}
			}
		},
		{
			"from": [8.05, 5.60124, 7.06911],
			"to": [8.05, 6.10124, 7.19411],
			"rotation": {"angle": 45, "axis": "x", "origin": [8.022, 5.80124, 7.13161]},
			"faces": {
				"east": {"uv": [0, 16, 16, 0], "rotation": 270, "texture": "#8"}
			}
		},
		{
			"from": [8.05, 5.12448, 6.7595],
			"to": [8.05, 6.09948, 6.8845],
			"rotation": {"angle": 0, "axis": "y", "origin": [7.996, 7.86198, 7.197]},
			"faces": {
				"east": {"uv": [0, 16, 16, 0], "rotation": 270, "texture": "#8"}
			}
		},
		{
			"from": [8.05, 3.52522, 7.23554],
			"to": [8.05, 4.70022, 7.36054],
			"rotation": {"angle": 0, "axis": "y", "origin": [7.9965, 7.96272, 7.67304]},
			"faces": {
				"east": {"uv": [0, 16, 16, 0], "rotation": 270, "texture": "#8"}
			}
		},
		{
			"from": [8.05, 4.58646, 7.08591],
			"to": [8.05, 5.31146, 7.21091],
			"rotation": {"angle": -45, "axis": "x", "origin": [8.022, 4.82396, 7.14841]},
			"faces": {
				"east": {"uv": [0, 16, 16, 0], "rotation": 270, "texture": "#8"}
			}
		}
	],
	"display": {
		"thirdperson_righthand": {
			"rotation": [0, -180, 0],
			"translation": [-1, 18, -0.75],
			"scale": [2, 2, 2]
		},
		"thirdperson_lefthand": {
			"translation": [-1, 18, 3.25],
			"scale": [2, 2, 2]
		},
		"firstperson_righthand": {
			"rotation": [0, -180, 0],
			"translation": [7, 7.75, -8.25],
			"scale": [2, 2, 2]
		},
		"firstperson_lefthand": {
			"translation": [7, 7.75, -4.125],
			"scale": [2, 2, 2]
		},
		"ground": {
			"rotation": [-180, 52.51, -0.56],
			"translation": [0, 4.75, 0]
		},
		"gui": {
			"rotation": [0, 0, -45],
			"translation": [2.5, 1.25, 0]
		},
		"fixed": {
			"translation": [0.75, 2.75, 0]
		}
	},
	"groups": [
		{
			"name": "group",
			"origin": [7.72916, 15.52065, 7.04289],
			"color": 0,
			"children": [
				{
					"name": "group",
					"origin": [7.63469, 14.67494, 6.88981],
					"color": 0,
					"children": [0, 1]
				},
				{
					"name": "group",
					"origin": [7.63469, 14.67494, 6.88981],
					"color": 0,
					"children": [2, 3]
				},
				4,
				5,
				6,
				7,
				8,
				9,
				10,
				{
					"name": "Handle",
					"origin": [7.32916, -0.7454, 6.95],
					"color": 0,
					"children": [11, 12]
				},
				13,
				14,
				15,
				16,
				17,
				18,
				19
			]
		},
		{
			"name": "handle mid back",
			"origin": [8, 8, 8],
			"color": 0,
			"children": [20, 21]
		},
		{
			"name": "handle mid",
			"origin": [8, 8, 8],
			"color": 0,
			"children": [22, 23]
		},
		{
			"name": "handle high",
			"origin": [8, 8, 8],
			"color": 0,
			"children": [24, 25]
		},
		{
			"name": "handle high back",
			"origin": [8, 8, 8],
			"color": 0,
			"children": [26, 27]
		},
		{
			"name": "handle low",
			"origin": [8, 8, 8],
			"color": 0,
			"children": [28, 29]
		},
		{
			"name": "handle low back",
			"origin": [8, 8, 8],
			"color": 0,
			"children": [30, 31]
		},
		{
			"name": "RedLines Top",
			"origin": [7.13026, 12.50754, 6.47],
			"color": 0,
			"children": [
				{
					"name": "group",
					"origin": [8, 8, 8],
					"color": 0,
					"children": [32, 33]
				},
				34,
				35,
				36,
				{
					"name": "group",
					"origin": [8, 8, 8],
					"color": 0,
					"children": [37]
				},
				{
					"name": "group",
					"origin": [8, 8, 8],
					"color": 0,
					"children": [38, 39, 40, 41]
				},
				42
			]
		},
		{
			"name": "RedLines Top Back",
			"origin": [7.13026, 12.50754, 6.47],
			"color": 0,
			"children": [
				{
					"name": "group",
					"origin": [8, 8, 8],
					"color": 0,
					"children": [43, 44]
				},
				45,
				46,
				47,
				{
					"name": "group",
					"origin": [8, 8, 8],
					"color": 0,
					"children": [48]
				},
				{
					"name": "group",
					"origin": [8, 8, 8],
					"color": 0,
					"children": [49, 50, 51, 52]
				},
				53
			]
		},
		{
			"name": "RedLines Mid",
			"origin": [8, 8, 8],
			"color": 0,
			"children": [54, 55, 56, 57, 58, 59, 60, 61, 62, 63, 64, 65, 66]
		},
		{
			"name": "RedLines Mid Back",
			"origin": [8, 8, 8],
			"color": 0,
			"children": [67, 68, 69, 70, 71, 72, 73, 74, 75, 76, 77, 78, 79]
		},
		{
			"name": "RedLines Low",
			"origin": [8, 8, 8],
			"color": 0,
			"children": [80, 81, 82, 83, 84, 85, 86]
		},
		{
			"name": "RedLines Low Back",
			"origin": [8, 8, 8],
			"color": 0,
			"children": [87, 88, 89, 90, 91, 92, 93]
		},
		{
			"name": "RedLines R High",
			"origin": [8, 8, 8],
			"color": 0,
			"children": [94, 95, 96, 97, 98, 99]
		},
		{
			"name": "RedLines L High",
			"origin": [8, 8, 8],
			"color": 0,
			"children": [100, 101, 102, 103, 104, 105]
		},
		{
			"name": "RedLines R Mid",
			"origin": [8, 8, 8],
			"color": 0,
			"children": [106, 107, 108, 109, 110, 111, 112]
		},
		{
			"name": "RedLines L Mid",
			"origin": [8, 8, 8],
			"color": 0,
			"children": [113, 114, 115, 116, 117, 118, 119]
		},
		{
			"name": "RedLines R Low",
			"origin": [8, 8, 8],
			"color": 0,
			"children": [120, 121, 122, 123, 124, 125]
		},
		{
			"name": "RedLines L Low",
			"origin": [8, 8, 8],
			"color": 0,
			"children": [126, 127, 128, 129, 130, 131]
		}
	]
}